-- MySQL dump 10.13  Distrib 8.0.37, for Linux (x86_64)
--
-- Host: localhost    Database: batgenome
-- ------------------------------------------------------
-- Server version	8.0.37-0ubuntu0.23.10.2

/*!40101 SET @OLD_CHARACTER_SET_CLIENT=@@CHARACTER_SET_CLIENT */;
/*!40101 SET @OLD_CHARACTER_SET_RESULTS=@@CHARACTER_SET_RESULTS */;
/*!40101 SET @OLD_COLLATION_CONNECTION=@@COLLATION_CONNECTION */;
/*!50503 SET NAMES utf8mb4 */;
/*!40103 SET @OLD_TIME_ZONE=@@TIME_ZONE */;
/*!40103 SET TIME_ZONE='+00:00' */;
/*!40014 SET @OLD_UNIQUE_CHECKS=@@UNIQUE_CHECKS, UNIQUE_CHECKS=0 */;
/*!40014 SET @OLD_FOREIGN_KEY_CHECKS=@@FOREIGN_KEY_CHECKS, FOREIGN_KEY_CHECKS=0 */;
/*!40101 SET @OLD_SQL_MODE=@@SQL_MODE, SQL_MODE='NO_AUTO_VALUE_ON_ZERO' */;
/*!40111 SET @OLD_SQL_NOTES=@@SQL_NOTES, SQL_NOTES=0 */;

--
-- Table structure for table `auth_group`
--

DROP TABLE IF EXISTS `auth_group`;
/*!40101 SET @saved_cs_client     = @@character_set_client */;
/*!50503 SET character_set_client = utf8mb4 */;
CREATE TABLE `auth_group` (
  `id` int NOT NULL AUTO_INCREMENT,
  `name` varchar(150) NOT NULL,
  PRIMARY KEY (`id`),
  UNIQUE KEY `name` (`name`)
) ENGINE=InnoDB DEFAULT CHARSET=utf8mb4 COLLATE=utf8mb4_0900_ai_ci;
/*!40101 SET character_set_client = @saved_cs_client */;

--
-- Dumping data for table `auth_group`
--

LOCK TABLES `auth_group` WRITE;
/*!40000 ALTER TABLE `auth_group` DISABLE KEYS */;
/*!40000 ALTER TABLE `auth_group` ENABLE KEYS */;
UNLOCK TABLES;

--
-- Table structure for table `auth_group_permissions`
--

DROP TABLE IF EXISTS `auth_group_permissions`;
/*!40101 SET @saved_cs_client     = @@character_set_client */;
/*!50503 SET character_set_client = utf8mb4 */;
CREATE TABLE `auth_group_permissions` (
  `id` bigint NOT NULL AUTO_INCREMENT,
  `group_id` int NOT NULL,
  `permission_id` int NOT NULL,
  PRIMARY KEY (`id`),
  UNIQUE KEY `auth_group_permissions_group_id_permission_id_0cd325b0_uniq` (`group_id`,`permission_id`),
  KEY `auth_group_permissio_permission_id_84c5c92e_fk_auth_perm` (`permission_id`),
  CONSTRAINT `auth_group_permissio_permission_id_84c5c92e_fk_auth_perm` FOREIGN KEY (`permission_id`) REFERENCES `auth_permission` (`id`),
  CONSTRAINT `auth_group_permissions_group_id_b120cbf9_fk_auth_group_id` FOREIGN KEY (`group_id`) REFERENCES `auth_group` (`id`)
) ENGINE=InnoDB DEFAULT CHARSET=utf8mb4 COLLATE=utf8mb4_0900_ai_ci;
/*!40101 SET character_set_client = @saved_cs_client */;

--
-- Dumping data for table `auth_group_permissions`
--

LOCK TABLES `auth_group_permissions` WRITE;
/*!40000 ALTER TABLE `auth_group_permissions` DISABLE KEYS */;
/*!40000 ALTER TABLE `auth_group_permissions` ENABLE KEYS */;
UNLOCK TABLES;

--
-- Table structure for table `auth_permission`
--

DROP TABLE IF EXISTS `auth_permission`;
/*!40101 SET @saved_cs_client     = @@character_set_client */;
/*!50503 SET character_set_client = utf8mb4 */;
CREATE TABLE `auth_permission` (
  `id` int NOT NULL AUTO_INCREMENT,
  `name` varchar(255) NOT NULL,
  `content_type_id` int NOT NULL,
  `codename` varchar(100) NOT NULL,
  PRIMARY KEY (`id`),
  UNIQUE KEY `auth_permission_content_type_id_codename_01ab375a_uniq` (`content_type_id`,`codename`),
  CONSTRAINT `auth_permission_content_type_id_2f476e4b_fk_django_co` FOREIGN KEY (`content_type_id`) REFERENCES `django_content_type` (`id`)
) ENGINE=InnoDB AUTO_INCREMENT=37 DEFAULT CHARSET=utf8mb4 COLLATE=utf8mb4_0900_ai_ci;
/*!40101 SET character_set_client = @saved_cs_client */;

--
-- Dumping data for table `auth_permission`
--

LOCK TABLES `auth_permission` WRITE;
/*!40000 ALTER TABLE `auth_permission` DISABLE KEYS */;
INSERT INTO `auth_permission` VALUES (1,'Can add log entry',1,'add_logentry'),(2,'Can change log entry',1,'change_logentry'),(3,'Can delete log entry',1,'delete_logentry'),(4,'Can view log entry',1,'view_logentry'),(5,'Can add permission',2,'add_permission'),(6,'Can change permission',2,'change_permission'),(7,'Can delete permission',2,'delete_permission'),(8,'Can view permission',2,'view_permission'),(9,'Can add group',3,'add_group'),(10,'Can change group',3,'change_group'),(11,'Can delete group',3,'delete_group'),(12,'Can view group',3,'view_group'),(13,'Can add content type',4,'add_contenttype'),(14,'Can change content type',4,'change_contenttype'),(15,'Can delete content type',4,'delete_contenttype'),(16,'Can view content type',4,'view_contenttype'),(17,'Can add session',5,'add_session'),(18,'Can change session',5,'change_session'),(19,'Can delete session',5,'delete_session'),(20,'Can view session',5,'view_session'),(21,'Can add account',6,'add_account'),(22,'Can change account',6,'change_account'),(23,'Can delete account',6,'delete_account'),(24,'Can view account',6,'view_account'),(25,'Can add source',7,'add_source'),(26,'Can change source',7,'change_source'),(27,'Can delete source',7,'delete_source'),(28,'Can view source',7,'view_source'),(29,'Can add isolate',8,'add_isolate'),(30,'Can change isolate',8,'change_isolate'),(31,'Can delete isolate',8,'delete_isolate'),(32,'Can view isolate',8,'view_isolate'),(33,'Can add log',9,'add_log'),(34,'Can change log',9,'change_log'),(35,'Can delete log',9,'delete_log'),(36,'Can view log',9,'view_log');
/*!40000 ALTER TABLE `auth_permission` ENABLE KEYS */;
UNLOCK TABLES;

--
-- Table structure for table `django_admin_log`
--

DROP TABLE IF EXISTS `django_admin_log`;
/*!40101 SET @saved_cs_client     = @@character_set_client */;
/*!50503 SET character_set_client = utf8mb4 */;
CREATE TABLE `django_admin_log` (
  `id` int NOT NULL AUTO_INCREMENT,
  `action_time` datetime(6) NOT NULL,
  `object_id` longtext,
  `object_repr` varchar(200) NOT NULL,
  `action_flag` smallint unsigned NOT NULL,
  `change_message` longtext NOT NULL,
  `content_type_id` int DEFAULT NULL,
  `user_id` bigint NOT NULL,
  PRIMARY KEY (`id`),
  KEY `django_admin_log_content_type_id_c4bce8eb_fk_django_co` (`content_type_id`),
  KEY `django_admin_log_user_id_c564eba6_fk_user_account_id` (`user_id`),
  CONSTRAINT `django_admin_log_content_type_id_c4bce8eb_fk_django_co` FOREIGN KEY (`content_type_id`) REFERENCES `django_content_type` (`id`),
  CONSTRAINT `django_admin_log_user_id_c564eba6_fk_user_account_id` FOREIGN KEY (`user_id`) REFERENCES `user_account` (`id`),
  CONSTRAINT `django_admin_log_chk_1` CHECK ((`action_flag` >= 0))
) ENGINE=InnoDB AUTO_INCREMENT=361 DEFAULT CHARSET=utf8mb4 COLLATE=utf8mb4_0900_ai_ci;
/*!40101 SET character_set_client = @saved_cs_client */;

--
-- Dumping data for table `django_admin_log`
--

LOCK TABLES `django_admin_log` WRITE;
/*!40000 ALTER TABLE `django_admin_log` DISABLE KEYS */;
INSERT INTO `django_admin_log` VALUES (1,'2024-05-12 07:59:13.464918','310','MCC-UPLB MNH-NICER CAVES P4-CL-CURCC-0-BAT-FECAL_PELLET-5-047',3,'',8,1),(2,'2024-05-12 07:59:13.472147','309','MCC-UPLB MNH-NICER CAVES P4-CL-CURCC-0-BAT-FECAL_PELLET-5-046',3,'',8,1),(3,'2024-05-12 07:59:13.481587','308','MCC-UPLB MNH-NICER CAVES P4-CL-CURCC-0-BAT-FECAL_PELLET-4-064',3,'',8,1),(4,'2024-05-12 07:59:13.494650','307','MCC-UPLB MNH-NICER CAVES P4-CL-CURCC-0-BAT-FECAL_PELLET-4-063',3,'',8,1),(5,'2024-05-12 07:59:13.503026','306','MCC-UPLB MNH-NICER CAVES P4-CL-CURCC-0-BAT-FECAL_PELLET-4-062',3,'',8,1),(6,'2024-05-12 07:59:13.509587','305','MCC-UPLB MNH-NICER CAVES P4-CL-CURCC-0-BAT-FECAL_PELLET-5-045',3,'',8,1),(7,'2024-05-12 07:59:13.518555','304','MCC-UPLB MNH-NICER CAVES P4-CL-CURCC-0-BAT-FECAL_PELLET-4-061',3,'',8,1),(8,'2024-05-12 07:59:13.525946','303','MCC-UPLB MNH-NICER CAVES P4-CL-CURCC-0-BAT-FECAL_PELLET-5-044',3,'',8,1),(9,'2024-05-12 07:59:13.532314','302','MCC-UPLB MNH-NICER CAVES P4-CL-CURCC-0-BAT-FECAL_PELLET-3-048',3,'',8,1),(10,'2024-05-12 07:59:13.547004','301','MCC-UPLB MNH-NICER CAVES P4-CL-CURCC-0-BAT-FECAL_PELLET-5-042',3,'',8,1),(11,'2024-05-12 07:59:13.553954','300','MCC-UPLB MNH-NICER CAVES P4-CL-CURCC-0-BAT-FECAL_PELLET-5-042',3,'',8,1),(12,'2024-05-12 07:59:13.560940','299','MCC-UPLB MNH-NICER CAVES P4-CL-CURCC-0-BAT-FECAL_PELLET-3-047',3,'',8,1),(13,'2024-05-12 07:59:13.568962','298','MCC-UPLB MNH-NICER CAVES P4-CL-CURCC-0-BAT-FECAL_PELLET-4-060',3,'',8,1),(14,'2024-05-12 07:59:13.575279','297','MCC-UPLB MNH-NICER CAVES P4-CL-CURCC-0-BAT-FECAL_PELLET-5-041',3,'',8,1),(15,'2024-05-12 07:59:13.583019','296','MCC-UPLB MNH-NICER CAVES P4-CL-CURCC-0-BAT-FECAL_PELLET-3-046',3,'',8,1),(16,'2024-05-12 07:59:13.593905','295','MCC-UPLB MNH-NICER CAVES P4-CL-CURCC-0-BAT-FECAL_PELLET-4-059',3,'',8,1),(17,'2024-05-12 07:59:13.601577','294','MCC-UPLB MNH-NICER CAVES P4-CL-CURCC-0-BAT-FECAL_PELLET-5-040',3,'',8,1),(18,'2024-05-12 07:59:13.609109','293','MCC-UPLB MNH-NICER CAVES P4-CL-CURCC-0-BAT-FECAL_PELLET-5-039',3,'',8,1),(19,'2024-05-12 07:59:13.615540','292','MCC-UPLB MNH-NICER CAVES P4-CL-CURCC-0-BAT-FECAL_PELLET-2-032',3,'',8,1),(20,'2024-05-12 07:59:13.626090','291','MCC-UPLB MNH-NICER CAVES P4-CL-CURCC-0-BAT-FECAL_PELLET-4-057',3,'',8,1),(21,'2024-05-12 07:59:13.632830','290','MCC-UPLB MNH-NICER CAVES P4-CL-CURCC-0-BAT-FECAL_PELLET-4-057',3,'',8,1),(22,'2024-05-12 07:59:13.641220','289','MCC-UPLB MNH-NICER CAVES P4-CL-CURCC-0-BAT-FECAL_PELLET-2-031',3,'',8,1),(23,'2024-05-12 07:59:13.650107','288','MCC-UPLB MNH-NICER CAVES P4-CL-CURCC-0-BAT-FECAL_PELLET-5-038',3,'',8,1),(24,'2024-05-12 07:59:13.655461','287','MCC-UPLB MNH-NICER CAVES P4-CL-CURCC-0-BAT-FECAL_PELLET-4-055',3,'',8,1),(25,'2024-05-12 07:59:13.661412','286','MCC-UPLB MNH-NICER CAVES P4-CL-CURCC-0-BAT-FECAL_PELLET-4-055',3,'',8,1),(26,'2024-05-12 07:59:13.670420','285','MCC-UPLB MNH-NICER CAVES P4-CL-CURCC-0-BAT-FECAL_PELLET-6-016',3,'',8,1),(27,'2024-05-12 07:59:13.680955','284','MCC-UPLB MNH-NICER CAVES P4-CL-CURCC-0-BAT-FECAL_PELLET-5-037',3,'',8,1),(28,'2024-05-12 07:59:13.688584','283','MCC-UPLB MNH-NICER CAVES P4-CL-CURCC-0-BAT-FECAL_PELLET-3-045',3,'',8,1),(29,'2024-05-12 07:59:13.692911','282','MCC-UPLB MNH-NICER CAVES P4-CL-CURCC-0-BAT-FECAL_PELLET-4-054',3,'',8,1),(30,'2024-05-12 07:59:13.697542','281','MCC-UPLB MNH-NICER CAVES P4-CL-CURCC-0-BAT-FECAL_PELLET-1-032',3,'',8,1),(31,'2024-05-12 07:59:13.703698','280','MCC-UPLB MNH-NICER CAVES P4-CL-CURCC-0-BAT-FECAL_PELLET-4-053',3,'',8,1),(32,'2024-05-12 07:59:13.708387','279','MCC-UPLB MNH-NICER CAVES P4-CL-CURCC-0-BAT-FECAL_PELLET-3-044',3,'',8,1),(33,'2024-05-12 07:59:13.714478','278','MCC-UPLB MNH-NICER CAVES P4-CL-CURCC-0-BAT-FECAL_PELLET-4-052',3,'',8,1),(34,'2024-05-12 07:59:13.724735','277','MCC-UPLB MNH-NICER CAVES P4-CL-CURCC-0-BAT-FECAL_PELLET-1-031',3,'',8,1),(35,'2024-05-12 07:59:13.731040','276','MCC-UPLB MNH-NICER CAVES P4-CL-CURCC-0-BAT-FECAL_PELLET-4-051',3,'',8,1),(36,'2024-05-12 07:59:13.737360','275','MCC-UPLB MNH-NICER CAVES P4-CL-CURCC-0-BAT-FECAL_PELLET-3-042',3,'',8,1),(37,'2024-05-12 07:59:13.741707','274','MCC-UPLB MNH-NICER CAVES P4-CL-CURCC-0-BAT-FECAL_PELLET-3-042',3,'',8,1),(38,'2024-05-12 07:59:13.758020','273','MCC-UPLB MNH-NICER CAVES P4-CL-CURCC-0-BAT-FECAL_PELLET-0-032',3,'',8,1),(39,'2024-05-12 07:59:13.767735','272','MCC-UPLB MNH-NICER CAVES P4-CL-CURCC-0-BAT-FECAL_PELLET-4-050',3,'',8,1),(40,'2024-05-12 07:59:13.778298','271','MCC-UPLB MNH-NICER CAVES P4-CL-CURCC-0-BAT-FECAL_PELLET-3-041',3,'',8,1),(41,'2024-05-12 07:59:13.783730','270','MCC-UPLB MNH-NICER CAVES P4-CL-CURCC-0-BAT-FECAL_PELLET-2-030',3,'',8,1),(42,'2024-05-12 07:59:13.792814','269','MCC-UPLB MNH-NICER CAVES P4-CL-CURCC-0-BAT-FECAL_PELLET-0-031',3,'',8,1),(43,'2024-05-12 07:59:13.800403','268','MCC-UPLB MNH-NICER CAVES P4-CL-CURCC-0-BAT-FECAL_PELLET-4-049',3,'',8,1),(44,'2024-05-12 07:59:13.806264','267','MCC-UPLB MNH-NICER CAVES P4-CL-CURCC-0-BAT-FECAL_PELLET-2-029',3,'',8,1),(45,'2024-05-12 07:59:13.813364','266','MCC-UPLB MNH-NICER CAVES P4-CL-CURCC-0-BAT-FECAL_PELLET-5-036',3,'',8,1),(46,'2024-05-12 07:59:13.819046','265','MCC-UPLB MNH-NICER CAVES P4-CL-CURCC-0-BAT-FECAL_PELLET-3-040',3,'',8,1),(47,'2024-05-12 07:59:13.826535','264','MCC-UPLB MNH-NICER CAVES P4-CL-CURCC-0-BAT-FECAL_PELLET-7-032',3,'',8,1),(48,'2024-05-12 07:59:13.831434','263','MCC-UPLB MNH-NICER CAVES P4-CL-CURCC-0-BAT-FECAL_PELLET-3-039',3,'',8,1),(49,'2024-05-12 07:59:13.836018','262','MCC-UPLB MNH-NICER CAVES P4-CL-CURCC-0-BAT-FECAL_PELLET-5-035',3,'',8,1),(50,'2024-05-12 07:59:13.850625','261','MCC-UPLB MNH-NICER CAVES P4-CL-CURCC-0-BAT-FECAL_PELLET-2-028',3,'',8,1),(51,'2024-05-12 07:59:13.856964','260','MCC-UPLB MNH-NICER CAVES P4-CL-CURCC-0-BAT-FECAL_PELLET-6-015',3,'',8,1),(52,'2024-05-12 07:59:13.862598','259','MCC-UPLB MNH-NICER CAVES P4-CL-CURCC-0-BAT-FECAL_PELLET-7-031',3,'',8,1),(53,'2024-05-12 07:59:13.867563','258','MCC-UPLB MNH-NICER CAVES P4-CL-CURCC-0-BAT-FECAL_PELLET-3-038',3,'',8,1),(54,'2024-05-12 07:59:13.873360','257','MCC-UPLB MNH-NICER CAVES P4-CL-CURCC-0-BAT-FECAL_PELLET-5-034',3,'',8,1),(55,'2024-05-12 07:59:13.884169','256','MCC-UPLB MNH-NICER CAVES P4-CL-CURCC-0-BAT-FECAL_PELLET-1-030',3,'',8,1),(56,'2024-05-12 07:59:13.901578','255','MCC-UPLB MNH-NICER CAVES P4-CL-CURCC-0-BAT-FECAL_PELLET-2-027',3,'',8,1),(57,'2024-05-12 07:59:13.908035','254','MCC-UPLB MNH-NICER CAVES P4-CL-CURCC-0-BAT-FECAL_PELLET-3-037',3,'',8,1),(58,'2024-05-12 07:59:13.925758','253','MCC-UPLB MNH-NICER CAVES P4-CL-CURCC-0-BAT-FECAL_PELLET-4-048',3,'',8,1),(59,'2024-05-12 07:59:13.932134','252','MCC-UPLB MNH-NICER CAVES P4-CL-CURCC-0-BAT-FECAL_PELLET-6-014',3,'',8,1),(60,'2024-05-12 07:59:13.944045','251','MCC-UPLB MNH-NICER CAVES P4-CL-CURCC-0-BAT-FECAL_PELLET-1-029',3,'',8,1),(61,'2024-05-12 07:59:13.955958','250','MCC-UPLB MNH-NICER CAVES P4-CL-CURCC-0-BAT-FECAL_PELLET-2-026',3,'',8,1),(62,'2024-05-12 07:59:13.967605','249','MCC-UPLB MNH-NICER CAVES P4-CL-CURCC-0-BAT-FECAL_PELLET-4-047',3,'',8,1),(63,'2024-05-12 07:59:13.978878','248','MCC-UPLB MNH-NICER CAVES P4-CL-CURCC-0-BAT-FECAL_PELLET-0-030',3,'',8,1),(64,'2024-05-12 07:59:13.990509','247','MCC-UPLB MNH-NICER CAVES P4-CL-CURCC-0-BAT-FECAL_PELLET-1-028',3,'',8,1),(65,'2024-05-12 07:59:14.001961','246','MCC-UPLB MNH-NICER CAVES P4-CL-CURCC-0-BAT-FECAL_PELLET-2-025',3,'',8,1),(66,'2024-05-12 07:59:14.011261','245','MCC-UPLB MNH-NICER CAVES P4-CL-CURCC-0-BAT-FECAL_PELLET-4-046',3,'',8,1),(67,'2024-05-12 07:59:14.017114','244','MCC-UPLB MNH-NICER CAVES P4-CL-CURCC-0-BAT-FECAL_PELLET-1-027',3,'',8,1),(68,'2024-05-12 07:59:14.025281','243','MCC-UPLB MNH-NICER CAVES P4-CL-CURCC-0-BAT-FECAL_PELLET-0-029',3,'',8,1),(69,'2024-05-12 07:59:14.029544','242','MCC-UPLB MNH-NICER CAVES P4-CL-CURCC-0-BAT-FECAL_PELLET-6-013',3,'',8,1),(70,'2024-05-12 07:59:14.032632','241','MCC-UPLB MNH-NICER CAVES P4-CL-CURCC-0-BAT-FECAL_PELLET-0-028',3,'',8,1),(71,'2024-05-12 07:59:14.036939','240','MCC-UPLB MNH-NICER CAVES P4-CL-CURCC-0-BAT-FECAL_PELLET-4-045',3,'',8,1),(72,'2024-05-12 07:59:14.045890','239','MCC-UPLB MNH-NICER CAVES P4-CL-CURCC-0-BAT-FECAL_PELLET-7-030',3,'',8,1),(73,'2024-05-12 07:59:14.060375','238','MCC-UPLB MNH-NICER CAVES P4-CL-CURCC-0-BAT-FECAL_PELLET-1-026',3,'',8,1),(74,'2024-05-12 07:59:14.066439','237','MCC-UPLB MNH-NICER CAVES P4-CL-CURCC-0-BAT-FECAL_PELLET-0-027',3,'',8,1),(75,'2024-05-12 07:59:14.073145','236','MCC-UPLB MNH-NICER CAVES P4-CL-CURCC-0-BAT-FECAL_PELLET-3-036',3,'',8,1),(76,'2024-05-12 07:59:14.078972','235','MCC-UPLB MNH-NICER CAVES P4-CL-CURCC-0-BAT-FECAL_PELLET-7-029',3,'',8,1),(77,'2024-05-12 07:59:14.097826','234','MCC-UPLB MNH-NICER CAVES P4-CL-CURCC-0-BAT-FECAL_PELLET-1-025',3,'',8,1),(78,'2024-05-12 07:59:14.104380','233','MCC-UPLB MNH-NICER CAVES P4-CL-CURCC-0-BAT-FECAL_PELLET-7-028',3,'',8,1),(79,'2024-05-12 07:59:14.111639','232','MCC-UPLB MNH-NICER CAVES P4-CL-CURCC-0-BAT-FECAL_PELLET-3-035',3,'',8,1),(80,'2024-05-12 07:59:14.116243','231','MCC-UPLB MNH-NICER CAVES P4-CL-CURCC-0-BAT-FECAL_PELLET-0-026',3,'',8,1),(81,'2024-05-12 07:59:14.121921','230','MCC-UPLB MNH-NICER CAVES P4-CL-CURCC-0-BAT-FECAL_PELLET-7-027',3,'',8,1),(82,'2024-05-12 07:59:14.128248','229','MCC-UPLB MNH-NICER CAVES P4-CL-CURCC-0-BAT-FECAL_PELLET-3-034',3,'',8,1),(83,'2024-05-12 07:59:14.136297','228','MCC-UPLB MNH-NICER CAVES P4-CL-CURCC-0-BAT-FECAL_PELLET-0-025',3,'',8,1),(84,'2024-05-12 07:59:14.142680','227','MCC-UPLB MNH-NICER CAVES P4-CL-CURCC-0-BAT-FECAL_PELLET-2-024',3,'',8,1),(85,'2024-05-12 07:59:14.157827','226','MCC-UPLB MNH-NICER CAVES P4-CL-CURCC-0-BAT-FECAL_PELLET-7-026',3,'',8,1),(86,'2024-05-12 07:59:14.163898','225','MCC-UPLB MNH-NICER CAVES P4-CL-CURCC-0-BAT-FECAL_PELLET-2-023',3,'',8,1),(87,'2024-05-12 07:59:14.169773','224','MCC-UPLB MNH-NICER CAVES P4-CL-CURCC-0-BAT-FECAL_PELLET-7-025',3,'',8,1),(88,'2024-05-12 07:59:14.175061','223','MCC-UPLB MNH-NICER CAVES P4-CL-CURCC-0-BAT-FECAL_PELLET-5-033',3,'',8,1),(89,'2024-05-12 07:59:14.181658','222','MCC-UPLB MNH-NICER CAVES P4-CL-CURCC-0-BAT-FECAL_PELLET-6-012',3,'',8,1),(90,'2024-05-12 07:59:14.186528','221','MCC-UPLB MNH-NICER CAVES P4-CL-CURCC-0-BAT-FECAL_PELLET-5-032',3,'',8,1),(91,'2024-05-12 07:59:14.190750','220','MCC-UPLB MNH-NICER CAVES P4-CL-CURCC-0-BAT-FECAL_PELLET-1-024',3,'',8,1),(92,'2024-05-12 07:59:14.195465','219','MCC-UPLB MNH-NICER CAVES P4-CL-CURCC-0-BAT-FECAL_PELLET-5-031',3,'',8,1),(93,'2024-05-12 07:59:14.203887','218','MCC-UPLB MNH-NICER CAVES P4-CL-CURCC-0-BAT-FECAL_PELLET-1-023',3,'',8,1),(94,'2024-05-12 07:59:14.211207','217','MCC-UPLB MNH-NICER CAVES P4-CL-CURCC-0-BAT-FECAL_PELLET-4-044',3,'',8,1),(95,'2024-05-12 07:59:14.217812','216','MCC-UPLB MNH-NICER CAVES P4-CL-CURCC-0-BAT-FECAL_PELLET-0-024',3,'',8,1),(96,'2024-05-12 07:59:14.232195','215','MCC-UPLB MNH-NICER CAVES P4-CL-CURCC-0-BAT-FECAL_PELLET-4-043',3,'',8,1),(97,'2024-05-12 07:59:14.252244','214','MCC-UPLB MNH-NICER CAVES P4-CL-CURCC-0-BAT-FECAL_PELLET-0-023',3,'',8,1),(98,'2024-05-12 07:59:14.257666','213','MCC-UPLB MNH-NICER CAVES P4-CL-CURCC-0-BAT-FECAL_PELLET-7-024',3,'',8,1),(99,'2024-05-12 07:59:14.268216','212','MCC-UPLB MNH-NICER CAVES P4-CL-CURCC-0-BAT-FECAL_PELLET-4-042',3,'',8,1),(100,'2024-05-12 07:59:14.278307','211','MCC-UPLB MNH-NICER CAVES P4-CL-CURCC-0-BAT-FECAL_PELLET-7-023',3,'',8,1),(101,'2024-05-12 07:59:14.287375','210','MCC-UPLB MNH-NICER CAVES P4-CL-CURCC-0-BAT-FECAL_PELLET-4-041',3,'',8,1),(102,'2024-05-12 07:59:14.297169','209','MCC-UPLB MNH-NICER CAVES P4-CL-CURCC-0-BAT-FECAL_PELLET-3-033',3,'',8,1),(103,'2024-05-12 07:59:14.312391','208','MCC-UPLB MNH-NICER CAVES P4-CL-CURCC-0-BAT-FECAL_PELLET-3-032',3,'',8,1),(104,'2024-05-12 07:59:14.320116','207','MCC-UPLB MNH-NICER CAVES P4-CL-CURCC-0-BAT-FECAL_PELLET-3-031',3,'',8,1),(105,'2024-05-12 07:59:14.333469','206','MCC-UPLB MNH-NICER CAVES P4-CL-CURCC-0-BAT-FECAL_PELLET-2-022',3,'',8,1),(106,'2024-05-12 07:59:14.339192','205','MCC-UPLB MNH-NICER CAVES P4-CL-CURCC-0-BAT-FECAL_PELLET-2-021',3,'',8,1),(107,'2024-05-12 07:59:14.346645','204','MCC-UPLB MNH-NICER CAVES P4-CL-CURCC-0-BAT-FECAL_PELLET-6-011',3,'',8,1),(108,'2024-05-12 07:59:14.353219','203','MCC-UPLB MNH-NICER CAVES P4-CL-CURCC-0-BAT-FECAL_PELLET-1-022',3,'',8,1),(109,'2024-05-12 07:59:14.360788','202','MCC-UPLB MNH-NICER CAVES P4-CL-CURCC-0-BAT-FECAL_PELLET-1-021',3,'',8,1),(110,'2024-05-12 07:59:14.368902','201','MCC-UPLB MNH-NICER CAVES P4-CL-CURCC-0-BAT-FECAL_PELLET-0-022',3,'',8,1),(111,'2024-05-12 07:59:14.373665','200','MCC-UPLB MNH-NICER CAVES P4-CL-CURCC-0-BAT-FECAL_PELLET-0-021',3,'',8,1),(112,'2024-05-12 07:59:14.388784','199','MCC-UPLB MNH-NICER CAVES P4-CL-CURCC-0-BAT-FECAL_PELLET-7-022',3,'',8,1),(113,'2024-05-12 07:59:14.412806','198','MCC-UPLB MNH-NICER CAVES P4-CL-CURCC-0-BAT-FECAL_PELLET-7-021',3,'',8,1),(114,'2024-05-12 07:59:14.421687','197','MCC-UPLB MNH-NICER CAVES P4-CL-CURCC-0-BAT-FECAL_PELLET-5-030',3,'',8,1),(115,'2024-05-12 07:59:14.431733','196','MCC-UPLB MNH-NICER CAVES P4-CL-CURCC-0-BAT-FECAL_PELLET-5-029',3,'',8,1),(116,'2024-05-12 07:59:14.444728','195','MCC-UPLB MNH-NICER CAVES P4-CL-CURCC-0-BAT-FECAL_PELLET-5-028',3,'',8,1),(117,'2024-05-12 07:59:14.457340','194','MCC-UPLB MNH-NICER CAVES P4-CL-CURCC-0-BAT-FECAL_PELLET-4-040',3,'',8,1),(118,'2024-05-12 07:59:14.465519','193','MCC-UPLB MNH-NICER CAVES P4-CL-CURCC-0-BAT-FECAL_PELLET-4-039',3,'',8,1),(119,'2024-05-12 07:59:14.472271','192','MCC-UPLB MNH-NICER CAVES P4-CL-CURCC-0-BAT-FECAL_PELLET-4-038',3,'',8,1),(120,'2024-05-12 07:59:14.479076','191','MCC-UPLB MNH-NICER CAVES P4-CL-CURCC-0-BAT-FECAL_PELLET-4-037',3,'',8,1),(121,'2024-05-12 07:59:14.484892','190','MCC-UPLB MNH-NICER CAVES P4-CL-CURCC-0-BAT-FECAL_PELLET-3-030',3,'',8,1),(122,'2024-05-12 07:59:14.491711','189','MCC-UPLB MNH-NICER CAVES P4-CL-CURCC-0-BAT-FECAL_PELLET-3-029',3,'',8,1),(123,'2024-05-12 07:59:14.502002','188','MCC-UPLB MNH-NICER CAVES P4-CL-CURCC-0-BAT-FECAL_PELLET-3-028',3,'',8,1),(124,'2024-05-12 07:59:14.508759','187','MCC-UPLB MNH-NICER CAVES P4-CL-CURCC-0-BAT-FECAL_PELLET-2-020',3,'',8,1),(125,'2024-05-12 07:59:14.514423','186','MCC-UPLB MNH-NICER CAVES P4-CL-CURCC-0-BAT-FECAL_PELLET-2-019',3,'',8,1),(126,'2024-05-12 07:59:14.526829','185','MCC-UPLB MNH-NICER CAVES P4-CL-CURCC-0-BAT-FECAL_PELLET-6-010',3,'',8,1),(127,'2024-05-12 07:59:14.534840','184','MCC-UPLB MNH-NICER CAVES P4-CL-CURCC-0-BAT-FECAL_PELLET-1-020',3,'',8,1),(128,'2024-05-12 07:59:14.543572','183','MCC-UPLB MNH-NICER CAVES P4-CL-CURCC-0-BAT-FECAL_PELLET-1-019',3,'',8,1),(129,'2024-05-12 07:59:14.563458','182','MCC-UPLB MNH-NICER CAVES P4-CL-CURCC-0-BAT-FECAL_PELLET-0-020',3,'',8,1),(130,'2024-05-12 07:59:14.569850','181','MCC-UPLB MNH-NICER CAVES P4-CL-CURCC-0-BAT-FECAL_PELLET-0-019',3,'',8,1),(131,'2024-05-12 07:59:14.574737','180','MCC-UPLB MNH-NICER CAVES P4-CL-CURCC-0-BAT-FECAL_PELLET-7-020',3,'',8,1),(132,'2024-05-12 07:59:14.579691','179','MCC-UPLB MNH-NICER CAVES P4-CL-CURCC-0-BAT-FECAL_PELLET-7-019',3,'',8,1),(133,'2024-05-12 07:59:14.586956','178','MCC-UPLB MNH-NICER CAVES P4-CL-CURCC-0-BAT-FECAL_PELLET-5-027',3,'',8,1),(134,'2024-05-12 07:59:14.597480','177','MCC-UPLB MNH-NICER CAVES P4-CL-CURCC-0-BAT-FECAL_PELLET-5-026',3,'',8,1),(135,'2024-05-12 07:59:14.603114','176','MCC-UPLB MNH-NICER CAVES P4-CL-CURCC-0-BAT-FECAL_PELLET-5-025',3,'',8,1),(136,'2024-05-12 07:59:14.607570','175','MCC-UPLB MNH-NICER CAVES P4-CL-CURCC-0-BAT-FECAL_PELLET-4-036',3,'',8,1),(137,'2024-05-12 07:59:14.618242','174','MCC-UPLB MNH-NICER CAVES P4-CL-CURCC-0-BAT-FECAL_PELLET-4-035',3,'',8,1),(138,'2024-05-12 07:59:14.622756','173','MCC-UPLB MNH-NICER CAVES P4-CL-CURCC-0-BAT-FECAL_PELLET-4-034',3,'',8,1),(139,'2024-05-12 07:59:14.627757','172','MCC-UPLB MNH-NICER CAVES P4-CL-CURCC-0-BAT-FECAL_PELLET-4-033',3,'',8,1),(140,'2024-05-12 07:59:14.632075','171','MCC-UPLB MNH-NICER CAVES P4-CL-CURCC-0-BAT-FECAL_PELLET-3-027',3,'',8,1),(141,'2024-05-12 07:59:14.636747','170','MCC-UPLB MNH-NICER CAVES P4-CL-CURCC-0-BAT-FECAL_PELLET-3-026',3,'',8,1),(142,'2024-05-12 07:59:14.640226','169','MCC-UPLB MNH-NICER CAVES P4-CL-CURCC-0-BAT-FECAL_PELLET-3-025',3,'',8,1),(143,'2024-05-12 07:59:14.647338','168','MCC-UPLB MNH-NICER CAVES P4-CL-CURCC-0-BAT-FECAL_PELLET-2-018',3,'',8,1),(144,'2024-05-12 07:59:14.652887','167','MCC-UPLB MNH-NICER CAVES P4-CL-CURCC-0-BAT-FECAL_PELLET-2-017',3,'',8,1),(145,'2024-05-12 07:59:14.658314','166','MCC-UPLB MNH-NICER CAVES P4-CL-CURCC-0-BAT-FECAL_PELLET-6-009',3,'',8,1),(146,'2024-05-12 07:59:14.662210','165','MCC-UPLB MNH-NICER CAVES P4-CL-CURCC-0-BAT-FECAL_PELLET-1-018',3,'',8,1),(147,'2024-05-12 07:59:14.666294','164','MCC-UPLB MNH-NICER CAVES P4-CL-CURCC-0-BAT-FECAL_PELLET-1-017',3,'',8,1),(148,'2024-05-12 07:59:14.671361','163','MCC-UPLB MNH-NICER CAVES P4-CL-CURCC-0-BAT-FECAL_PELLET-0-018',3,'',8,1),(149,'2024-05-12 07:59:14.675547','162','MCC-UPLB MNH-NICER CAVES P4-CL-CURCC-0-BAT-FECAL_PELLET-0-017',3,'',8,1),(150,'2024-05-12 07:59:14.681317','161','MCC-UPLB MNH-NICER CAVES P4-CL-CURCC-0-BAT-FECAL_PELLET-7-018',3,'',8,1),(151,'2024-05-12 07:59:14.684702','160','MCC-UPLB MNH-NICER CAVES P4-CL-CURCC-0-BAT-FECAL_PELLET-7-017',3,'',8,1),(152,'2024-05-12 07:59:14.689967','159','MCC-UPLB MNH-NICER CAVES P4-CL-CURCC-0-BAT-FECAL_PELLET-5-024',3,'',8,1),(153,'2024-05-12 07:59:14.696341','158','MCC-UPLB MNH-NICER CAVES P4-CL-CURCC-0-BAT-FECAL_PELLET-5-023',3,'',8,1),(154,'2024-05-12 07:59:14.701524','157','MCC-UPLB MNH-NICER CAVES P4-CL-CURCC-0-BAT-FECAL_PELLET-5-022',3,'',8,1),(155,'2024-05-12 07:59:14.706628','156','MCC-UPLB MNH-NICER CAVES P4-CL-CURCC-0-BAT-FECAL_PELLET-4-032',3,'',8,1),(156,'2024-05-12 07:59:14.711569','155','MCC-UPLB MNH-NICER CAVES P4-CL-CURCC-0-BAT-FECAL_PELLET-4-031',3,'',8,1),(157,'2024-05-12 07:59:14.716087','154','MCC-UPLB MNH-NICER CAVES P4-CL-CURCC-0-BAT-FECAL_PELLET-4-030',3,'',8,1),(158,'2024-05-12 07:59:14.719737','153','MCC-UPLB MNH-NICER CAVES P4-CL-CURCC-0-BAT-FECAL_PELLET-4-029',3,'',8,1),(159,'2024-05-12 07:59:14.724907','152','MCC-UPLB MNH-NICER CAVES P4-CL-CURCC-0-BAT-FECAL_PELLET-3-024',3,'',8,1),(160,'2024-05-12 07:59:14.749441','151','MCC-UPLB MNH-NICER CAVES P4-CL-CURCC-0-BAT-FECAL_PELLET-3-023',3,'',8,1),(161,'2024-05-12 07:59:14.754224','150','MCC-UPLB MNH-NICER CAVES P4-CL-CURCC-0-BAT-FECAL_PELLET-3-022',3,'',8,1),(162,'2024-05-12 07:59:14.760854','149','MCC-UPLB MNH-NICER CAVES P4-CL-CURCC-0-BAT-FECAL_PELLET-2-016',3,'',8,1),(163,'2024-05-12 07:59:14.765862','148','MCC-UPLB MNH-NICER CAVES P4-CL-CURCC-0-BAT-FECAL_PELLET-2-015',3,'',8,1),(164,'2024-05-12 07:59:14.770505','147','MCC-UPLB MNH-NICER CAVES P4-CL-CURCC-0-BAT-FECAL_PELLET-6-008',3,'',8,1),(165,'2024-05-12 07:59:14.775040','146','MCC-UPLB MNH-NICER CAVES P4-CL-CURCC-0-BAT-FECAL_PELLET-1-016',3,'',8,1),(166,'2024-05-12 07:59:14.779885','145','MCC-UPLB MNH-NICER CAVES P4-CL-CURCC-0-BAT-FECAL_PELLET-1-015',3,'',8,1),(167,'2024-05-12 07:59:14.790669','144','MCC-UPLB MNH-NICER CAVES P4-CL-CURCC-0-BAT-FECAL_PELLET-0-016',3,'',8,1),(168,'2024-05-12 07:59:14.794687','143','MCC-UPLB MNH-NICER CAVES P4-CL-CURCC-0-BAT-FECAL_PELLET-0-015',3,'',8,1),(169,'2024-05-12 07:59:14.799322','142','MCC-UPLB MNH-NICER CAVES P4-CL-CURCC-0-BAT-FECAL_PELLET-7-016',3,'',8,1),(170,'2024-05-12 07:59:14.803375','141','MCC-UPLB MNH-NICER CAVES P4-CL-CURCC-0-BAT-FECAL_PELLET-7-015',3,'',8,1),(171,'2024-05-12 07:59:14.808991','140','MCC-UPLB MNH-NICER CAVES P4-CL-CURCC-0-BAT-FECAL_PELLET-5-021',3,'',8,1),(172,'2024-05-12 07:59:14.813447','139','MCC-UPLB MNH-NICER CAVES P4-CL-CURCC-0-BAT-FECAL_PELLET-5-020',3,'',8,1),(173,'2024-05-12 07:59:14.822319','138','MCC-UPLB MNH-NICER CAVES P4-CL-CURCC-0-BAT-FECAL_PELLET-5-019',3,'',8,1),(174,'2024-05-12 07:59:14.827569','137','MCC-UPLB MNH-NICER CAVES P4-CL-CURCC-0-BAT-FECAL_PELLET-5-018',3,'',8,1),(175,'2024-05-12 07:59:14.831941','136','MCC-UPLB MNH-NICER CAVES P4-CL-CURCC-0-BAT-FECAL_PELLET-4-028',3,'',8,1),(176,'2024-05-12 07:59:14.835259','135','MCC-UPLB MNH-NICER CAVES P4-CL-CURCC-0-BAT-FECAL_PELLET-5-017',3,'',8,1),(177,'2024-05-12 07:59:14.842249','134','MCC-UPLB MNH-NICER CAVES P4-CL-CURCC-0-BAT-FECAL_PELLET-4-027',3,'',8,1),(178,'2024-05-12 07:59:14.846187','133','MCC-UPLB MNH-NICER CAVES P4-CL-CURCC-0-BAT-FECAL_PELLET-5-016',3,'',8,1),(179,'2024-05-12 07:59:14.850602','132','MCC-UPLB MNH-NICER CAVES P4-CL-CURCC-0-BAT-FECAL_PELLET-4-026',3,'',8,1),(180,'2024-05-12 07:59:14.854978','131','MCC-UPLB MNH-NICER CAVES P4-CL-CURCC-0-BAT-FECAL_PELLET-4-024',3,'',8,1),(181,'2024-05-12 07:59:14.859391','130','MCC-UPLB MNH-NICER CAVES P4-CL-CURCC-0-BAT-FECAL_PELLET-4-024',3,'',8,1),(182,'2024-05-12 07:59:14.864224','129','MCC-UPLB MNH-NICER CAVES P4-CL-CURCC-0-BAT-FECAL_PELLET-5-015',3,'',8,1),(183,'2024-05-12 07:59:14.868784','128','MCC-UPLB MNH-NICER CAVES P4-CL-CURCC-0-BAT-FECAL_PELLET-4-023',3,'',8,1),(184,'2024-05-12 07:59:14.875286','127','MCC-UPLB MNH-NICER CAVES P4-CL-CURCC-0-BAT-FECAL_PELLET-3-021',3,'',8,1),(185,'2024-05-12 07:59:14.882665','126','MCC-UPLB MNH-NICER CAVES P4-CL-CURCC-0-BAT-FECAL_PELLET-5-014',3,'',8,1),(186,'2024-05-12 07:59:14.889072','125','MCC-UPLB MNH-NICER CAVES P4-CL-CURCC-0-BAT-FECAL_PELLET-3-020',3,'',8,1),(187,'2024-05-12 07:59:14.895383','124','MCC-UPLB MNH-NICER CAVES P4-CL-CURCC-0-BAT-FECAL_PELLET-4-022',3,'',8,1),(188,'2024-05-12 07:59:14.900115','123','MCC-UPLB MNH-NICER CAVES P4-CL-CURCC-0-BAT-FECAL_PELLET-5-013',3,'',8,1),(189,'2024-05-12 07:59:14.905493','122','MCC-UPLB MNH-NICER CAVES P4-CL-CURCC-0-BAT-FECAL_PELLET-4-021',3,'',8,1),(190,'2024-05-12 07:59:14.910022','121','MCC-UPLB MNH-NICER CAVES P4-CL-CURCC-0-BAT-FECAL_PELLET-3-019',3,'',8,1),(191,'2024-05-12 07:59:14.933045','120','MCC-UPLB MNH-NICER CAVES P4-CL-CURCC-0-BAT-FECAL_PELLET-4-020',3,'',8,1),(192,'2024-05-12 07:59:14.944670','119','MCC-UPLB MNH-NICER CAVES P4-CL-CURCC-0-BAT-FECAL_PELLET-3-018',3,'',8,1),(193,'2024-05-12 07:59:14.950125','118','MCC-UPLB MNH-NICER CAVES P4-CL-CURCC-0-BAT-FECAL_PELLET-2-014',3,'',8,1),(194,'2024-05-12 07:59:14.954602','117','MCC-UPLB MNH-NICER CAVES P4-CL-CURCC-0-BAT-FECAL_PELLET-4-019',3,'',8,1),(195,'2024-05-12 07:59:14.963872','116','MCC-UPLB MNH-NICER CAVES P4-CL-CURCC-0-BAT-FECAL_PELLET-2-013',3,'',8,1),(196,'2024-05-12 07:59:14.970759','115','MCC-UPLB MNH-NICER CAVES P4-CL-CURCC-0-BAT-FECAL_PELLET-3-017',3,'',8,1),(197,'2024-05-12 07:59:14.979267','114','MCC-UPLB MNH-NICER CAVES P4-CL-CURCC-0-BAT-FECAL_PELLET-4-018',3,'',8,1),(198,'2024-05-12 07:59:14.999963','113','MCC-UPLB MNH-NICER CAVES P4-CL-CURCC-0-BAT-FECAL_PELLET-3-016',3,'',8,1),(199,'2024-05-12 07:59:15.009253','112','MCC-UPLB MNH-NICER CAVES P4-CL-CURCC-0-BAT-FECAL_PELLET-6-007',3,'',8,1),(200,'2024-05-12 07:59:15.018427','111','MCC-UPLB MNH-NICER CAVES P4-CL-CURCC-0-BAT-FECAL_PELLET-4-017',3,'',8,1),(201,'2024-05-12 07:59:15.038870','110','MCC-UPLB MNH-NICER CAVES P4-CL-CURCC-0-BAT-FECAL_PELLET-2-012',3,'',8,1),(202,'2024-05-12 07:59:15.048741','109','MCC-UPLB MNH-NICER CAVES P4-CL-CURCC-0-BAT-FECAL_PELLET-1-014',3,'',8,1),(203,'2024-05-12 07:59:15.065546','108','MCC-UPLB MNH-NICER CAVES P4-CL-CURCC-0-BAT-FECAL_PELLET-3-015',3,'',8,1),(204,'2024-05-12 07:59:15.077950','107','MCC-UPLB MNH-NICER CAVES P4-CL-CURCC-0-BAT-FECAL_PELLET-5-012',3,'',8,1),(205,'2024-05-12 07:59:15.082899','106','MCC-UPLB MNH-NICER CAVES P4-CL-CURCC-0-BAT-FECAL_PELLET-2-011',3,'',8,1),(206,'2024-05-12 07:59:15.087325','105','MCC-UPLB MNH-NICER CAVES P4-CL-CURCC-0-BAT-FECAL_PELLET-1-013',3,'',8,1),(207,'2024-05-12 07:59:15.091584','104','MCC-UPLB MNH-NICER CAVES P4-CL-CURCC-0-BAT-FECAL_PELLET-3-014',3,'',8,1),(208,'2024-05-12 07:59:15.099687','103','MCC-UPLB MNH-NICER CAVES P4-CL-CURCC-0-BAT-FECAL_PELLET-5-011',3,'',8,1),(209,'2024-05-12 07:59:15.105765','102','MCC-UPLB MNH-NICER CAVES P4-CL-CURCC-0-BAT-FECAL_PELLET-6-006',3,'',8,1),(210,'2024-05-12 07:59:15.110756','101','MCC-UPLB MNH-NICER CAVES P4-CL-CURCC-0-BAT-FECAL_PELLET-0-014',3,'',8,1),(211,'2024-05-12 07:59:15.116977','100','MCC-UPLB MNH-NICER CAVES P4-CL-CURCC-0-BAT-FECAL_PELLET-3-013',3,'',8,1),(212,'2024-05-12 07:59:15.121324','99','MCC-UPLB MNH-NICER CAVES P4-CL-CURCC-0-BAT-FECAL_PELLET-5-010',3,'',8,1),(213,'2024-05-12 07:59:15.128002','98','MCC-UPLB MNH-NICER CAVES P4-CL-CURCC-0-BAT-FECAL_PELLET-1-012',3,'',8,1),(214,'2024-05-12 07:59:15.132917','97','MCC-UPLB MNH-NICER CAVES P4-CL-CURCC-0-BAT-FECAL_PELLET-0-013',3,'',8,1),(215,'2024-05-12 07:59:15.136755','96','MCC-UPLB MNH-NICER CAVES P4-CL-CURCC-0-BAT-FECAL_PELLET-4-016',3,'',8,1),(216,'2024-05-12 07:59:15.145731','95','MCC-UPLB MNH-NICER CAVES P4-CL-CURCC-0-BAT-FECAL_PELLET-2-010',3,'',8,1),(217,'2024-05-12 07:59:15.150584','94','MCC-UPLB MNH-NICER CAVES P4-CL-CURCC-0-BAT-FECAL_PELLET-1-011',3,'',8,1),(218,'2024-05-12 07:59:15.157820','93','MCC-UPLB MNH-NICER CAVES P4-CL-CURCC-0-BAT-FECAL_PELLET-7-014',3,'',8,1),(219,'2024-05-12 07:59:15.162016','92','MCC-UPLB MNH-NICER CAVES P4-CL-CURCC-0-BAT-FECAL_PELLET-4-015',3,'',8,1),(220,'2024-05-12 07:59:15.167165','91','MCC-UPLB MNH-NICER CAVES P4-CL-CURCC-0-BAT-FECAL_PELLET-2-009',3,'',8,1),(221,'2024-05-12 07:59:15.174263','90','MCC-UPLB MNH-NICER CAVES P4-CL-CURCC-0-BAT-FECAL_PELLET-0-012',3,'',8,1),(222,'2024-05-12 07:59:15.178499','89','MCC-UPLB MNH-NICER CAVES P4-CL-CURCC-0-BAT-FECAL_PELLET-7-013',3,'',8,1),(223,'2024-05-12 07:59:15.184842','88','MCC-UPLB MNH-NICER CAVES P4-CL-CURCC-0-BAT-FECAL_PELLET-4-014',3,'',8,1),(224,'2024-05-12 07:59:15.195747','87','MCC-UPLB MNH-NICER CAVES P4-CL-CURCC-0-BAT-FECAL_PELLET-6-005',3,'',8,1),(225,'2024-05-12 07:59:15.203198','86','MCC-UPLB MNH-NICER CAVES P4-CL-CURCC-0-BAT-FECAL_PELLET-0-011',3,'',8,1),(226,'2024-05-12 07:59:15.207330','85','MCC-UPLB MNH-NICER CAVES P4-CL-CURCC-0-BAT-FECAL_PELLET-1-010',3,'',8,1),(227,'2024-05-12 07:59:15.210997','84','MCC-UPLB MNH-NICER CAVES P4-CL-CURCC-0-BAT-FECAL_PELLET-4-013',3,'',8,1),(228,'2024-05-12 07:59:15.216065','83','MCC-UPLB MNH-NICER CAVES P4-CL-CURCC-0-BAT-FECAL_PELLET-7-012',3,'',8,1),(229,'2024-05-12 07:59:15.222270','82','MCC-UPLB MNH-NICER CAVES P4-CL-CURCC-0-BAT-FECAL_PELLET-3-012',3,'',8,1),(230,'2024-05-12 07:59:15.228864','81','MCC-UPLB MNH-NICER CAVES P4-CL-CURCC-0-BAT-FECAL_PELLET-1-009',3,'',8,1),(231,'2024-05-12 07:59:15.235050','80','MCC-UPLB MNH-NICER CAVES P4-CL-CURCC-0-BAT-FECAL_PELLET-7-011',3,'',8,1),(232,'2024-05-12 07:59:15.241494','79','MCC-UPLB MNH-NICER CAVES P4-CL-CURCC-0-BAT-FECAL_PELLET-3-011',3,'',8,1),(233,'2024-05-12 07:59:15.251469','78','MCC-UPLB MNH-NICER CAVES P4-CL-CURCC-0-BAT-FECAL_PELLET-0-010',3,'',8,1),(234,'2024-05-12 07:59:15.255505','77','MCC-UPLB MNH-NICER CAVES P4-CL-CURCC-0-BAT-FECAL_PELLET-0-009',3,'',8,1),(235,'2024-05-12 07:59:15.261108','76','MCC-UPLB MNH-NICER CAVES P4-CL-CURCC-0-BAT-FECAL_PELLET-3-010',3,'',8,1),(236,'2024-05-12 07:59:15.269682','75','MCC-UPLB MNH-NICER CAVES P4-CL-CURCC-0-BAT-FECAL_PELLET-2-008',3,'',8,1),(237,'2024-05-12 07:59:15.286403','74','MCC-UPLB MNH-NICER CAVES P4-CL-CURCC-0-BAT-FECAL_PELLET-7-010',3,'',8,1),(238,'2024-05-12 07:59:15.291240','73','MCC-UPLB MNH-NICER CAVES P4-CL-CURCC-0-BAT-FECAL_PELLET-7-009',3,'',8,1),(239,'2024-05-12 07:59:15.297834','72','MCC-UPLB MNH-NICER CAVES P4-CL-CURCC-0-BAT-FECAL_PELLET-2-007',3,'',8,1),(240,'2024-05-12 07:59:15.301460','71','MCC-UPLB MNH-NICER CAVES P4-CL-CURCC-0-BAT-FECAL_PELLET-5-009',3,'',8,1),(241,'2024-05-12 07:59:15.305955','70','MCC-UPLB MNH-NICER CAVES P4-CL-CURCC-0-BAT-FECAL_PELLET-6-004',3,'',8,1),(242,'2024-05-12 07:59:15.310774','69','MCC-UPLB MNH-NICER CAVES P4-CL-CURCC-0-BAT-FECAL_PELLET-5-008',3,'',8,1),(243,'2024-05-12 07:59:15.316099','68','MCC-UPLB MNH-NICER CAVES P4-CL-CURCC-0-BAT-FECAL_PELLET-1-008',3,'',8,1),(244,'2024-05-12 07:59:15.320601','67','MCC-UPLB MNH-NICER CAVES P4-CL-CURCC-0-BAT-FECAL_PELLET-5-007',3,'',8,1),(245,'2024-05-12 07:59:15.327909','66','MCC-UPLB MNH-NICER CAVES P4-CL-CURCC-0-BAT-FECAL_PELLET-1-007',3,'',8,1),(246,'2024-05-12 07:59:15.333409','65','MCC-UPLB MNH-NICER CAVES P4-CL-CURCC-0-BAT-FECAL_PELLET-0-008',3,'',8,1),(247,'2024-05-12 07:59:15.342187','64','MCC-UPLB MNH-NICER CAVES P4-CL-CURCC-0-BAT-FECAL_PELLET-4-012',3,'',8,1),(248,'2024-05-12 07:59:15.347085','63','MCC-UPLB MNH-NICER CAVES P4-CL-CURCC-0-BAT-FECAL_PELLET-4-011',3,'',8,1),(249,'2024-05-12 07:59:15.354688','62','MCC-UPLB MNH-NICER CAVES P4-CL-CURCC-0-BAT-FECAL_PELLET-0-007',3,'',8,1),(250,'2024-05-12 07:59:15.366246','61','MCC-UPLB MNH-NICER CAVES P4-CL-CURCC-0-BAT-FECAL_PELLET-4-010',3,'',8,1),(251,'2024-05-12 07:59:15.371432','60','MCC-UPLB MNH-NICER CAVES P4-CL-CURCC-0-BAT-FECAL_PELLET-7-008',3,'',8,1),(252,'2024-05-12 07:59:15.375877','59','MCC-UPLB MNH-NICER CAVES P4-CL-CURCC-0-BAT-FECAL_PELLET-4-009',3,'',8,1),(253,'2024-05-12 07:59:15.380185','58','MCC-UPLB MNH-NICER CAVES P4-CL-CURCC-0-BAT-FECAL_PELLET-7-007',3,'',8,1),(254,'2024-05-12 07:59:15.385596','57','MCC-UPLB MNH-NICER CAVES P4-CL-CURCC-0-BAT-FECAL_PELLET-3-009',3,'',8,1),(255,'2024-05-12 07:59:15.390590','56','MCC-UPLB MNH-NICER CAVES P4-CL-CURCC-0-BAT-FECAL_PELLET-3-008',3,'',8,1),(256,'2024-05-12 07:59:15.394210','55','MCC-UPLB MNH-NICER CAVES P4-CL-CURCC-0-BAT-FECAL_PELLET-3-007',3,'',8,1),(257,'2024-05-12 07:59:15.402079','54','MCC-UPLB MNH-NICER CAVES P4-CL-CURCC-0-BAT-FECAL_PELLET-2-006',3,'',8,1),(258,'2024-05-12 07:59:15.411142','53','MCC-UPLB MNH-NICER CAVES P4-CL-CURCC-0-BAT-FECAL_PELLET-2-005',3,'',8,1),(259,'2024-05-12 07:59:15.418823','52','MCC-UPLB MNH-NICER CAVES P4-CL-CURCC-0-BAT-FECAL_PELLET-6-003',3,'',8,1),(260,'2024-05-12 07:59:15.428361','51','MCC-UPLB MNH-NICER CAVES P4-CL-CURCC-0-BAT-FECAL_PELLET-1-006',3,'',8,1),(261,'2024-05-12 07:59:15.442442','50','MCC-UPLB MNH-NICER CAVES P4-CL-CURCC-0-BAT-FECAL_PELLET-1-005',3,'',8,1),(262,'2024-05-12 07:59:15.454146','49','MCC-UPLB MNH-NICER CAVES P4-CL-CURCC-0-BAT-FECAL_PELLET-0-006',3,'',8,1),(263,'2024-05-12 07:59:15.461323','48','MCC-UPLB MNH-NICER CAVES P4-CL-CURCC-0-BAT-FECAL_PELLET-0-005',3,'',8,1),(264,'2024-05-12 07:59:15.470344','47','MCC-UPLB MNH-NICER CAVES P4-CL-CURCC-0-BAT-FECAL_PELLET-7-006',3,'',8,1),(265,'2024-05-12 07:59:15.476870','46','MCC-UPLB MNH-NICER CAVES P4-CL-CURCC-0-BAT-FECAL_PELLET-7-005',3,'',8,1),(266,'2024-05-12 07:59:15.491045','45','MCC-UPLB MNH-NICER CAVES P4-CL-CURCC-0-BAT-FECAL_PELLET-5-006',3,'',8,1),(267,'2024-05-12 07:59:15.497861','44','MCC-UPLB MNH-NICER CAVES P4-CL-CURCC-0-BAT-FECAL_PELLET-5-005',3,'',8,1),(268,'2024-05-12 07:59:15.510952','43','MCC-UPLB MNH-NICER CAVES P4-CL-CURCC-0-BAT-FECAL_PELLET-5-004',3,'',8,1),(269,'2024-05-12 07:59:15.515489','42','MCC-UPLB MNH-NICER CAVES P4-CL-CURCC-0-BAT-FECAL_PELLET-4-008',3,'',8,1),(270,'2024-05-12 07:59:15.521133','41','MCC-UPLB MNH-NICER CAVES P4-CL-CURCC-0-BAT-FECAL_PELLET-4-007',3,'',8,1),(271,'2024-05-12 07:59:15.525327','40','MCC-UPLB MNH-NICER CAVES P4-CL-CURCC-0-BAT-FECAL_PELLET-4-006',3,'',8,1),(272,'2024-05-12 07:59:15.531302','39','MCC-UPLB MNH-NICER CAVES P4-CL-CURCC-0-BAT-FECAL_PELLET-4-005',3,'',8,1),(273,'2024-05-12 07:59:15.535476','38','MCC-UPLB MNH-NICER CAVES P4-CL-CURCC-0-BAT-FECAL_PELLET-3-006',3,'',8,1),(274,'2024-05-12 07:59:15.550005','37','MCC-UPLB MNH-NICER CAVES P4-CL-CURCC-0-BAT-FECAL_PELLET-3-005',3,'',8,1),(275,'2024-05-12 07:59:15.555711','36','MCC-UPLB MNH-NICER CAVES P4-CL-CURCC-0-BAT-FECAL_PELLET-3-004',3,'',8,1),(276,'2024-05-12 07:59:15.562071','34','MCC-UPLB MNH-NICER CAVES P4-CL-CURCC-0-BAT-FECAL_PELLET-2-003',3,'',8,1),(277,'2024-05-12 07:59:15.579209','33','MCC-UPLB MNH-NICER CAVES P4-CL-CURCC-0-BAT-FECAL_PELLET-6-002',3,'',8,1),(278,'2024-05-12 07:59:15.586927','32','MCC-UPLB MNH-NICER CAVES P4-CL-CURCC-0-BAT-FECAL_PELLET-1-004',3,'',8,1),(279,'2024-05-12 07:59:15.598581','31','MCC-UPLB MNH-NICER CAVES P4-CL-CURCC-0-BAT-FECAL_PELLET-1-003',3,'',8,1),(280,'2024-05-12 07:59:15.603791','30','MCC-UPLB MNH-NICER CAVES P4-CL-CURCC-0-BAT-FECAL_PELLET-0-004',3,'',8,1),(281,'2024-05-12 07:59:15.609402','29','MCC-UPLB MNH-NICER CAVES P4-CL-CURCC-0-BAT-FECAL_PELLET-0-003',3,'',8,1),(282,'2024-05-12 07:59:15.614056','28','MCC-UPLB MNH-NICER CAVES P4-CL-CURCC-0-BAT-FECAL_PELLET-7-004',3,'',8,1),(283,'2024-05-12 07:59:15.620802','27','MCC-UPLB MNH-NICER CAVES P4-CL-CURCC-0-BAT-FECAL_PELLET-7-003',3,'',8,1),(284,'2024-05-12 07:59:15.629794','26','MCC-UPLB MNH-NICER CAVES P4-CL-CURCC-0-BAT-FECAL_PELLET-5-003',3,'',8,1),(285,'2024-05-12 07:59:15.633117','25','MCC-UPLB MNH-NICER CAVES P4-CL-CURCC-0-BAT-FECAL_PELLET-5-002',3,'',8,1),(286,'2024-05-12 07:59:15.636387','24','MCC-UPLB MNH-NICER CAVES P4-CL-CURCC-0-BAT-FECAL_PELLET-5-001',3,'',8,1),(287,'2024-05-12 07:59:15.650690','23','MCC-UPLB MNH-NICER CAVES P4-CL-CURCC-0-BAT-FECAL_PELLET-4-004',3,'',8,1),(288,'2024-05-12 07:59:15.655146','22','MCC-UPLB MNH-NICER CAVES P4-CL-CURCC-0-BAT-FECAL_PELLET-4-003',3,'',8,1),(289,'2024-05-12 07:59:15.659378','21','MCC-UPLB MNH-NICER CAVES P4-CL-CURCC-0-BAT-FECAL_PELLET-4-002',3,'',8,1),(290,'2024-05-12 07:59:15.664839','20','MCC-UPLB MNH-NICER CAVES P4-CL-CURCC-0-BAT-FECAL_PELLET-4-001',3,'',8,1),(291,'2024-05-12 07:59:15.670526','19','MCC-UPLB MNH-NICER CAVES P4-CL-CURCC-0-BAT-FECAL_PELLET-3-003',3,'',8,1),(292,'2024-05-12 07:59:15.675604','18','MCC-UPLB MNH-NICER CAVES P4-CL-CURCC-0-BAT-FECAL_PELLET-3-002',3,'',8,1),(293,'2024-05-12 07:59:15.680632','17','MCC-UPLB MNH-NICER CAVES P4-CL-CURCC-0-BAT-FECAL_PELLET-3-001',3,'',8,1),(294,'2024-05-12 07:59:15.687926','16','MCC-UPLB MNH-NICER CAVES P4-CL-CURCC-0-BAT-FECAL_PELLET-2-002',3,'',8,1),(295,'2024-05-12 07:59:15.691781','15','MCC-UPLB MNH-NICER CAVES P4-CL-CURCC-0-BAT-FECAL_PELLET-2-001',3,'',8,1),(296,'2024-05-12 07:59:15.695704','14','MCC-UPLB MNH-NICER CAVES P4-CL-CURCC-0-BAT-FECAL_PELLET-6-001',3,'',8,1),(297,'2024-05-12 07:59:15.700053','13','MCC-UPLB MNH-NICER CAVES P4-CL-CURCC-0-BAT-FECAL_PELLET-1-002',3,'',8,1),(298,'2024-05-12 07:59:15.704849','7','MCC-MNH-CAV-CL-CURCC-0-BAT-GUANO-1-002',3,'',8,1),(299,'2024-05-12 07:59:15.710517','6','MCC-MNH-CAV-CL-CURCC-0-BAT-GUANO-1-001',3,'',8,1),(300,'2024-05-12 07:59:15.717711','5','MCC-MNH-CAV-CL-CURCC-0-BAT-GUANO-0-001',3,'',8,1),(301,'2024-05-12 08:16:59.247119','330','MCC-UPLB MNH-NICER CAVES P4-CL-CURCC-0-BAT-FECAL_PELLET-5-003',3,'',8,1),(302,'2024-05-12 08:16:59.251873','329','MCC-UPLB MNH-NICER CAVES P4-CL-CURCC-0-BAT-FECAL_PELLET-5-002',3,'',8,1),(303,'2024-05-12 08:16:59.255041','328','MCC-UPLB MNH-NICER CAVES P4-CL-CURCC-0-BAT-FECAL_PELLET-5-001',3,'',8,1),(304,'2024-05-12 08:16:59.260622','327','MCC-UPLB MNH-NICER CAVES P4-CL-CURCC-0-BAT-FECAL_PELLET-4-004',3,'',8,1),(305,'2024-05-12 08:16:59.268092','326','MCC-UPLB MNH-NICER CAVES P4-CL-CURCC-0-BAT-FECAL_PELLET-4-003',3,'',8,1),(306,'2024-05-12 08:16:59.275961','325','MCC-UPLB MNH-NICER CAVES P4-CL-CURCC-0-BAT-FECAL_PELLET-4-002',3,'',8,1),(307,'2024-05-12 08:16:59.283540','324','MCC-UPLB MNH-NICER CAVES P4-CL-CURCC-0-BAT-FECAL_PELLET-4-001',3,'',8,1),(308,'2024-05-12 08:16:59.288183','323','MCC-UPLB MNH-NICER CAVES P4-CL-CURCC-0-BAT-FECAL_PELLET-3-003',3,'',8,1),(309,'2024-05-12 08:16:59.292149','322','MCC-UPLB MNH-NICER CAVES P4-CL-CURCC-0-BAT-FECAL_PELLET-3-002',3,'',8,1),(310,'2024-05-12 08:16:59.295208','321','MCC-UPLB MNH-NICER CAVES P4-CL-CURCC-0-BAT-FECAL_PELLET-3-001',3,'',8,1),(311,'2024-05-12 08:16:59.298465','320','MCC-UPLB MNH-NICER CAVES P4-CL-CURCC-0-BAT-FECAL_PELLET-2-002',3,'',8,1),(312,'2024-05-12 08:16:59.304511','319','MCC-UPLB MNH-NICER CAVES P4-CL-CURCC-0-BAT-FECAL_PELLET-2-001',3,'',8,1),(313,'2024-05-12 08:16:59.308075','318','MCC-UPLB MNH-NICER CAVES P4-CL-CURCC-0-BAT-FECAL_PELLET-6-001',3,'',8,1),(314,'2024-05-12 08:16:59.311392','317','MCC-UPLB MNH-NICER CAVES P4-CL-CURCC-0-BAT-FECAL_PELLET-1-002',3,'',8,1),(315,'2024-05-12 08:16:59.314911','316','MCC-UPLB MNH-NICER CAVES P4-CL-CURCC-0-BAT-FECAL_PELLET-1-001',3,'',8,1),(316,'2024-05-12 08:16:59.320144','315','MCC-UPLB MNH-NICER CAVES P4-CL-CURCC-0-BAT-FECAL_PELLET-0-002',3,'',8,1),(317,'2024-05-12 08:16:59.324316','314','MCC-UPLB MNH-NICER CAVES P4-CL-CURCC-0-BAT-FECAL_PELLET-0-001',3,'',8,1),(318,'2024-05-12 08:16:59.327381','313','MCC-UPLB MNH-NICER CAVES P4-CL-CURCC-0-BAT-FECAL_PELLET-7-002',3,'',8,1),(319,'2024-05-12 08:16:59.330780','312','MCC-UPLB MNH-NICER CAVES P4-CL-CURCC-0-BAT-FECAL_PELLET-7-001',3,'',8,1),(320,'2024-05-20 06:44:45.911331','388','MCC-UPLB MNH-NICER CAVES P4-CL-CURCC-0-BAT-FECAL_PELLET-5-009',3,'',8,1),(321,'2024-05-20 06:44:45.922672','387','MCC-UPLB MNH-NICER CAVES P4-CL-CURCC-0-BAT-FECAL_PELLET-5-008',3,'',8,1),(322,'2024-05-20 06:44:45.935291','386','MCC-UPLB MNH-NICER CAVES P4-CL-CURCC-0-BAT-FECAL_PELLET-5-007',3,'',8,1),(323,'2024-05-20 06:44:45.954534','385','MCC-UPLB MNH-NICER CAVES P4-CL-CURCC-0-BAT-FECAL_PELLET-4-012',3,'',8,1),(324,'2024-05-20 06:44:45.966615','384','MCC-UPLB MNH-NICER CAVES P4-CL-CURCC-0-BAT-FECAL_PELLET-4-011',3,'',8,1),(325,'2024-05-20 06:44:45.970959','383','MCC-UPLB MNH-NICER CAVES P4-CL-CURCC-0-BAT-FECAL_PELLET-4-010',3,'',8,1),(326,'2024-05-20 06:44:45.979178','382','MCC-UPLB MNH-NICER CAVES P4-CL-CURCC-0-BAT-FECAL_PELLET-4-009',3,'',8,1),(327,'2024-05-20 06:44:45.986339','381','MCC-UPLB MNH-NICER CAVES P4-CL-CURCC-0-BAT-FECAL_PELLET-3-009',3,'',8,1),(328,'2024-05-20 06:44:45.992301','380','MCC-UPLB MNH-NICER CAVES P4-CL-CURCC-0-BAT-FECAL_PELLET-3-008',3,'',8,1),(329,'2024-05-20 06:44:45.996728','379','MCC-UPLB MNH-NICER CAVES P4-CL-CURCC-0-BAT-FECAL_PELLET-3-007',3,'',8,1),(330,'2024-05-20 06:44:46.001865','378','MCC-UPLB MNH-NICER CAVES P4-CL-CURCC-0-BAT-FECAL_PELLET-2-006',3,'',8,1),(331,'2024-05-20 06:44:46.009688','377','MCC-UPLB MNH-NICER CAVES P4-CL-CURCC-0-BAT-FECAL_PELLET-2-005',3,'',8,1),(332,'2024-05-20 06:44:46.015176','376','MCC-UPLB MNH-NICER CAVES P4-CL-CURCC-0-BAT-FECAL_PELLET-6-003',3,'',8,1),(333,'2024-05-20 06:44:46.024324','375','MCC-UPLB MNH-NICER CAVES P4-CL-CURCC-0-BAT-FECAL_PELLET-1-006',3,'',8,1),(334,'2024-05-20 06:44:46.035265','374','MCC-UPLB MNH-NICER CAVES P4-CL-CURCC-0-BAT-FECAL_PELLET-1-005',3,'',8,1),(335,'2024-05-20 06:44:46.040192','373','MCC-UPLB MNH-NICER CAVES P4-CL-CURCC-0-BAT-FECAL_PELLET-0-006',3,'',8,1),(336,'2024-05-20 06:44:46.048122','372','MCC-UPLB MNH-NICER CAVES P4-CL-CURCC-0-BAT-FECAL_PELLET-0-005',3,'',8,1),(337,'2024-05-20 06:44:46.056945','371','MCC-UPLB MNH-NICER CAVES P4-CL-CURCC-0-BAT-FECAL_PELLET-7-006',3,'',8,1),(338,'2024-05-20 06:44:46.062969','370','MCC-UPLB MNH-NICER CAVES P4-CL-CURCC-0-BAT-FECAL_PELLET-7-005',3,'',8,1),(339,'2024-05-20 06:45:54.939066','369','MCC-MNH-CAV-CL-CURCC-1-BAT-GUANO-0-001',3,'',8,1),(340,'2024-05-20 06:45:54.953212','367','MCC-UPLB MNH-NICER CAVES P4-CL-CURCC-0-BAT-FECAL_PELLET-5-005',3,'',8,1),(341,'2024-05-20 06:45:54.970497','366','MCC-UPLB MNH-NICER CAVES P4-CL-CURCC-0-BAT-FECAL_PELLET-5-004',3,'',8,1),(342,'2024-05-20 06:45:54.979201','365','MCC-UPLB MNH-NICER CAVES P4-CL-CURCC-0-BAT-FECAL_PELLET-4-008',3,'',8,1),(343,'2024-05-20 06:45:54.990704','364','MCC-UPLB MNH-NICER CAVES P4-CL-CURCC-0-BAT-FECAL_PELLET-4-007',3,'',8,1),(344,'2024-05-20 06:45:54.996066','363','MCC-UPLB MNH-NICER CAVES P4-CL-CURCC-0-BAT-FECAL_PELLET-4-006',3,'',8,1),(345,'2024-05-20 06:45:55.014513','362','MCC-UPLB MNH-NICER CAVES P4-CL-CURCC-0-BAT-FECAL_PELLET-4-005',3,'',8,1),(346,'2024-05-20 06:45:55.020960','361','MCC-UPLB MNH-NICER CAVES P4-CL-CURCC-0-BAT-FECAL_PELLET-3-006',3,'',8,1),(347,'2024-05-20 06:45:55.030191','360','MCC-UPLB MNH-NICER CAVES P4-CL-CURCC-0-BAT-FECAL_PELLET-3-005',3,'',8,1),(348,'2024-05-20 06:45:55.035618','359','MCC-UPLB MNH-NICER CAVES P4-CL-CURCC-0-BAT-FECAL_PELLET-3-004',3,'',8,1),(349,'2024-05-20 06:45:55.039919','358','MCC-UPLB MNH-NICER CAVES P4-CL-CURCC-0-BAT-FECAL_PELLET-2-004',3,'',8,1),(350,'2024-05-20 06:45:55.051389','357','MCC-UPLB MNH-NICER CAVES P4-CL-CURCC-0-BAT-FECAL_PELLET-2-003',3,'',8,1),(351,'2024-05-20 06:45:55.057277','356','MCC-UPLB MNH-NICER CAVES P4-CL-CURCC-0-BAT-FECAL_PELLET-6-002',3,'',8,1),(352,'2024-05-20 06:45:55.065445','355','MCC-UPLB MNH-NICER CAVES P4-CL-CURCC-0-BAT-FECAL_PELLET-1-004',3,'',8,1),(353,'2024-05-20 06:45:55.071609','354','MCC-UPLB MNH-NICER CAVES P4-CL-CURCC-0-BAT-FECAL_PELLET-1-003',3,'',8,1),(354,'2024-05-20 06:45:55.077702','353','MCC-UPLB MNH-NICER CAVES P4-CL-CURCC-0-BAT-FECAL_PELLET-0-004',3,'',8,1),(355,'2024-05-20 06:45:55.084820','352','MCC-UPLB MNH-NICER CAVES P4-CL-CURCC-0-BAT-FECAL_PELLET-0-003',3,'',8,1),(356,'2024-05-20 06:45:55.090395','351','MCC-UPLB MNH-NICER CAVES P4-CL-CURCC-0-BAT-FECAL_PELLET-7-004',3,'',8,1),(357,'2024-05-20 06:45:55.097193','350','MCC-UPLB MNH-NICER CAVES P4-CL-CURCC-0-BAT-FECAL_PELLET-7-003',3,'',8,1),(358,'2024-07-13 02:11:05.150133','10','manacleto',2,'[]',6,1),(359,'2024-07-13 02:37:45.298098','10','manacleto',3,'',6,1),(360,'2024-07-13 02:40:12.357197','13','manacleto',1,'[{\"added\": {}}]',6,1);
/*!40000 ALTER TABLE `django_admin_log` ENABLE KEYS */;
UNLOCK TABLES;

--
-- Table structure for table `django_content_type`
--

DROP TABLE IF EXISTS `django_content_type`;
/*!40101 SET @saved_cs_client     = @@character_set_client */;
/*!50503 SET character_set_client = utf8mb4 */;
CREATE TABLE `django_content_type` (
  `id` int NOT NULL AUTO_INCREMENT,
  `app_label` varchar(100) NOT NULL,
  `model` varchar(100) NOT NULL,
  PRIMARY KEY (`id`),
  UNIQUE KEY `django_content_type_app_label_model_76bd3d3b_uniq` (`app_label`,`model`)
) ENGINE=InnoDB AUTO_INCREMENT=10 DEFAULT CHARSET=utf8mb4 COLLATE=utf8mb4_0900_ai_ci;
/*!40101 SET character_set_client = @saved_cs_client */;

--
-- Dumping data for table `django_content_type`
--

LOCK TABLES `django_content_type` WRITE;
/*!40000 ALTER TABLE `django_content_type` DISABLE KEYS */;
INSERT INTO `django_content_type` VALUES (1,'admin','logentry'),(3,'auth','group'),(2,'auth','permission'),(4,'contenttypes','contenttype'),(5,'sessions','session'),(8,'source','isolate'),(7,'source','source'),(6,'user','account'),(9,'user','log');
/*!40000 ALTER TABLE `django_content_type` ENABLE KEYS */;
UNLOCK TABLES;

--
-- Table structure for table `django_migrations`
--

DROP TABLE IF EXISTS `django_migrations`;
/*!40101 SET @saved_cs_client     = @@character_set_client */;
/*!50503 SET character_set_client = utf8mb4 */;
CREATE TABLE `django_migrations` (
  `id` bigint NOT NULL AUTO_INCREMENT,
  `app` varchar(255) NOT NULL,
  `name` varchar(255) NOT NULL,
  `applied` datetime(6) NOT NULL,
  PRIMARY KEY (`id`)
) ENGINE=InnoDB AUTO_INCREMENT=34 DEFAULT CHARSET=utf8mb4 COLLATE=utf8mb4_0900_ai_ci;
/*!40101 SET character_set_client = @saved_cs_client */;

--
-- Dumping data for table `django_migrations`
--

LOCK TABLES `django_migrations` WRITE;
/*!40000 ALTER TABLE `django_migrations` DISABLE KEYS */;
INSERT INTO `django_migrations` VALUES (1,'contenttypes','0001_initial','2024-04-29 15:39:00.632359'),(2,'contenttypes','0002_remove_content_type_name','2024-04-29 15:39:00.809905'),(3,'auth','0001_initial','2024-04-29 15:39:02.076825'),(4,'auth','0002_alter_permission_name_max_length','2024-04-29 15:39:02.247788'),(5,'auth','0003_alter_user_email_max_length','2024-04-29 15:39:02.266286'),(6,'auth','0004_alter_user_username_opts','2024-04-29 15:39:02.289262'),(7,'auth','0005_alter_user_last_login_null','2024-04-29 15:39:02.305541'),(8,'auth','0006_require_contenttypes_0002','2024-04-29 15:39:02.316039'),(9,'auth','0007_alter_validators_add_error_messages','2024-04-29 15:39:02.339499'),(10,'auth','0008_alter_user_username_max_length','2024-04-29 15:39:02.358472'),(11,'auth','0009_alter_user_last_name_max_length','2024-04-29 15:39:02.376008'),(12,'auth','0010_alter_group_name_max_length','2024-04-29 15:39:02.420029'),(13,'auth','0011_update_proxy_permissions','2024-04-29 15:39:02.441472'),(14,'auth','0012_alter_user_first_name_max_length','2024-04-29 15:39:02.455919'),(15,'user','0001_initial','2024-04-29 15:39:03.358046'),(16,'admin','0001_initial','2024-04-29 15:39:03.717065'),(17,'admin','0002_logentry_remove_auto_add','2024-04-29 15:39:03.737782'),(18,'admin','0003_logentry_add_action_flag_choices','2024-04-29 15:39:03.753508'),(19,'sessions','0001_initial','2024-04-29 15:39:03.853091'),(20,'source','0001_initial','2024-04-29 15:39:04.167007'),(21,'source','0002_strain_culture_growth_strain_description_and_more','2024-04-29 15:39:05.180791'),(22,'source','0003_isolate_delete_strain','2024-04-29 15:39:05.722091'),(23,'source','0004_isolate_author','2024-04-29 15:39:05.843207'),(24,'source','0005_source_raw_human_readable_id','2024-05-02 20:46:03.159899'),(25,'source','0006_alter_source_institution_alter_source_project_name','2024-05-05 09:39:53.746267'),(26,'source','0007_source_author_source_author_id','2024-05-11 10:37:38.941972'),(27,'user','0002_log','2024-05-11 10:37:39.088081'),(28,'source','0008_remove_isolate_type_id_isolate_raw_accession_no','2024-05-11 10:43:38.332793'),(29,'source','0009_isolate_type_id','2024-05-11 10:43:38.425859'),(30,'source','0010_source_collection_name_source_institution_name_and_more','2024-05-11 10:43:38.661437'),(31,'source','0011_alter_source_collection_name_and_more','2024-05-11 10:43:38.686320'),(32,'source','0012_alter_source_collection_name_and_more','2024-05-12 00:55:06.832740'),(33,'source','0013_alter_source_project_name','2024-05-12 00:55:06.896602');
/*!40000 ALTER TABLE `django_migrations` ENABLE KEYS */;
UNLOCK TABLES;

--
-- Table structure for table `django_session`
--

DROP TABLE IF EXISTS `django_session`;
/*!40101 SET @saved_cs_client     = @@character_set_client */;
/*!50503 SET character_set_client = utf8mb4 */;
CREATE TABLE `django_session` (
  `session_key` varchar(40) NOT NULL,
  `session_data` longtext NOT NULL,
  `expire_date` datetime(6) NOT NULL,
  PRIMARY KEY (`session_key`),
  KEY `django_session_expire_date_a5c62663` (`expire_date`)
) ENGINE=InnoDB DEFAULT CHARSET=utf8mb4 COLLATE=utf8mb4_0900_ai_ci;
/*!40101 SET character_set_client = @saved_cs_client */;

--
-- Dumping data for table `django_session`
--

LOCK TABLES `django_session` WRITE;
/*!40000 ALTER TABLE `django_session` DISABLE KEYS */;
INSERT INTO `django_session` VALUES ('baslpa9m5r00r0aqskzbw1mfk5eilut6','.eJxVjDsOwjAQRO_iGlle_7KmpM8ZLH_WOIAcKU4qxN1JpBRQzrw382Y-bGv1W6fFT5ldGbDLbxdDelI7QH6Edp95mtu6TJEfCj9p5-Oc6XU73b-DGnrd106Tw4xKWYkJsnZJGUuQpLUUUGu0ZUgGgjBohSsFJGSBas9uMEVH9vkCvY42zA:1s8wkZ:SAeY55WMJIfieZI8lCZi1CWoJ2o-3OFh7kp8zfjJVLE','2024-06-03 06:43:59.553547'),('smpp8k5u7obuhiamic1ohhhjf9ea6rgf','.eJxVjDsOwjAQRO_iGlle_7KmpM8ZLH_WOIAcKU4qxN1JpBRQzrw382Y-bGv1W6fFT5ldGbDLbxdDelI7QH6Edp95mtu6TJEfCj9p5-Oc6XU73b-DGnrd106Tw4xKWYkJsnZJGUuQpLUUUGu0ZUgGgjBohSsFJGSBas9uMEVH9vkCvY42zA:1sSSDv:yICsDd32CGJ8PGt7tz_5_lWSGCgNvHvWul1nHm48Ggw','2024-07-27 02:10:55.083464'),('x7b4j17bta1z0uopfdkjpj9l8ckxk0xd','.eJxVjDsOwjAQRO_iGlle_7KmpM8ZLH_WOIAcKU4qxN1JpBRQzrw382Y-bGv1W6fFT5ldGbDLbxdDelI7QH6Edp95mtu6TJEfCj9p5-Oc6XU73b-DGnrd106Tw4xKWYkJsnZJGUuQpLUUUGu0ZUgGgjBohSsFJGSBas9uMEVH9vkCvY42zA:1s1TAP:MzprR-d1UawxJwLW-P7BsPL_JjPccKUQ7PQnmqpKfQ0','2024-05-13 15:43:45.795417');
/*!40000 ALTER TABLE `django_session` ENABLE KEYS */;
UNLOCK TABLES;

--
-- Table structure for table `source_isolate`
--

DROP TABLE IF EXISTS `source_isolate`;
/*!40101 SET @saved_cs_client     = @@character_set_client */;
/*!50503 SET character_set_client = utf8mb4 */;
CREATE TABLE `source_isolate` (
  `id` bigint NOT NULL AUTO_INCREMENT,
  `human_readable_id` varchar(150) NOT NULL,
  `accession_no` varchar(100) NOT NULL,
  `type` int NOT NULL,
  `description` varchar(1000) NOT NULL,
  `taxonomy` json NOT NULL,
  `morphology` json NOT NULL,
  `culture_growth` json NOT NULL,
  `physiology_metabolism` json NOT NULL,
  `safety_information` json NOT NULL,
  `sequence_information` json NOT NULL,
  `visibility` varchar(20) NOT NULL,
  `author_id_id` bigint NOT NULL,
  `source_id` bigint NOT NULL,
  `author` varchar(150) NOT NULL,
  `raw_accession_no` varchar(100) NOT NULL,
  `type_id` int NOT NULL,
  PRIMARY KEY (`id`),
  KEY `source_isolate_author_id_id_a851e171_fk_user_account_id` (`author_id_id`),
  KEY `source_isolate_source_id_4c589037_fk_source_source_id` (`source_id`),
  CONSTRAINT `source_isolate_author_id_id_a851e171_fk_user_account_id` FOREIGN KEY (`author_id_id`) REFERENCES `user_account` (`id`),
  CONSTRAINT `source_isolate_source_id_4c589037_fk_source_source_id` FOREIGN KEY (`source_id`) REFERENCES `source_source` (`id`)
) ENGINE=InnoDB AUTO_INCREMENT=560 DEFAULT CHARSET=utf8mb4 COLLATE=utf8mb4_0900_ai_ci;
/*!40101 SET character_set_client = @saved_cs_client */;

--
-- Dumping data for table `source_isolate`
--

LOCK TABLES `source_isolate` WRITE;
/*!40000 ALTER TABLE `source_isolate` DISABLE KEYS */;
INSERT INTO `source_isolate` VALUES (331,'MCC-UPLB MNH-NICER CAVES P4-CL-CURCC-0-BAT-FECAL_PELLET-7-001','MCC-UPLB MNH-50001',1,'','{\"species\": \"Escherichia coli\"}','{\"motility\": true, \"cell_shape\": \"rod-shaped\", \"gram_stain\": false}','{}','{\"oxygen_tolerance\": \"facultative-anaerobe\", \"endospore_forming\": false, \"cytochrome_oxidase\": false, \"antibiotic_resistance_profile\": \"ampicillin-resistant\"}','{\"pathogenicity_human\": \"Potentially pathogenic to humans\"}','{}','Public',2,17,'Lou Gene Sibal','',1),(332,'MCC-UPLB MNH-NICER CAVES P4-CL-CURCC-0-BAT-FECAL_PELLET-7-002','MCC-UPLB MNH-50002',1,'','{}','{\"cell_shape\": \"rod-shaped\", \"gram_stain\": false}','{}','{\"oxygen_tolerance\": \"facultative-anaerobe\", \"endospore_forming\": false, \"cytochrome_oxidase\": false}','{}','{}','Public',2,17,'Lou Gene Sibal','',2),(333,'MCC-UPLB MNH-NICER CAVES P4-CL-CURCC-0-BAT-FECAL_PELLET-0-001','MCC-UPLB MNH-50003',1,'','{\"species\": \"Citrobacter freundii\"}','{\"motility\": true, \"cell_shape\": \"rod-shaped\", \"gram_stain\": false}','{}','{\"oxygen_tolerance\": \"facultative-anaerobe\", \"endospore_forming\": false, \"cytochrome_oxidase\": false, \"antibiotic_resistance_profile\": \"ampicillin-resistant\"}','{\"pathogenicity_human\": \"Opportunistic human pathogen\"}','{}','Public',2,9,'Lou Gene Sibal','',1),(334,'MCC-UPLB MNH-NICER CAVES P4-CL-CURCC-0-BAT-FECAL_PELLET-0-002','MCC-UPLB MNH-50004',1,'','{\"species\": \"Klebsiella sp.\"}','{\"motility\": false, \"cell_shape\": \"rod-shaped\", \"gram_stain\": false}','{}','{\"oxygen_tolerance\": \"facultative-anaerobe\", \"endospore_forming\": false, \"cytochrome_oxidase\": false, \"antibiotic_resistance_profile\": \"ampicillin-resistant\"}','{\"pathogenicity_human\": \"Potentially pathogenic to humans\"}','{}','Public',2,9,'Lou Gene Sibal','',2),(335,'MCC-UPLB MNH-NICER CAVES P4-CL-CURCC-0-BAT-FECAL_PELLET-1-001','MCC-UPLB MNH-50005',1,'','{}','{\"cell_shape\": \"rod-shaped\", \"gram_stain\": false}','{}','{\"oxygen_tolerance\": \"obligate-aerobe\", \"endospore_forming\": false, \"cytochrome_oxidase\": true, \"antibiotic_resistance_profile\": \"multidrug-resistant\"}','{}','{}','Public',2,10,'Lou Gene Sibal','',1),(336,'MCC-UPLB MNH-NICER CAVES P4-CL-CURCC-0-BAT-FECAL_PELLET-1-002','MCC-UPLB MNH-50006',1,'','{\"species\": \"Pseudomonas psychrophila\"}','{\"motility\": true, \"cell_shape\": \"rod-shaped\", \"gram_stain\": false}','{}','{\"oxygen_tolerance\": \"obligate-aerobe\", \"endospore_forming\": false, \"cytochrome_oxidase\": true, \"antibiotic_resistance_profile\": \"multidrug-resistant\"}','{\"pathogenicity_animal\": \"Rainbow trout (Oncorhynchus mykiss) pathogen\"}','{}','Public',2,10,'Lou Gene Sibal','',2),(337,'MCC-UPLB MNH-NICER CAVES P4-CL-CURCC-0-BAT-FECAL_PELLET-6-001','MCC-UPLB MNH-50007',1,'','{}','{\"cell_shape\": \"rod-shaped\", \"gram_stain\": false}','{}','{\"oxygen_tolerance\": \"facultative-anaerobe\", \"endospore_forming\": false, \"cytochrome_oxidase\": false}','{}','{}','Public',2,16,'Lou Gene Sibal','',1),(338,'MCC-UPLB MNH-NICER CAVES P4-CL-CURCC-0-BAT-FECAL_PELLET-2-001','MCC-UPLB MNH-50008',1,'','{\"species\": \"Klebsiella sp.\"}','{\"motility\": false, \"cell_shape\": \"rod-shaped\", \"gram_stain\": false}','{}','{\"oxygen_tolerance\": \"facultative-anaerobe\", \"endospore_forming\": false, \"cytochrome_oxidase\": false, \"antibiotic_resistance_profile\": \"ampicillin-resistant\"}','{\"pathogenicity_human\": \"Potentially pathogenic to humans\"}','{}','Public',2,12,'Lou Gene Sibal','',1),(339,'MCC-UPLB MNH-NICER CAVES P4-CL-CURCC-0-BAT-FECAL_PELLET-2-002','MCC-UPLB MNH-50009',1,'','{\"species\": \"Klebsiella sp.\"}','{\"motility\": false, \"cell_shape\": \"rod-shaped\", \"gram_stain\": false}','{}','{\"oxygen_tolerance\": \"facultative-anaerobe\", \"endospore_forming\": false, \"cytochrome_oxidase\": false, \"antibiotic_resistance_profile\": \"ampicillin-resistant\"}','{\"pathogenicity_human\": \"Potentially pathogenic to humans\"}','{}','Public',2,12,'Lou Gene Sibal','',2),(340,'MCC-UPLB MNH-NICER CAVES P4-CL-CURCC-0-BAT-FECAL_PELLET-3-001','MCC-UPLB MNH-50010',1,'','{\"species\": \"Klebsiella sp.\"}','{\"motility\": false, \"cell_shape\": \"rod-shaped\", \"gram_stain\": false}','{}','{\"oxygen_tolerance\": \"facultative-anaerobe\", \"endospore_forming\": false, \"cytochrome_oxidase\": false, \"antibiotic_resistance_profile\": \"ampicillin-resistant\"}','{\"pathogenicity_human\": \"Potentially pathogenic to humans\"}','{}','Public',2,13,'Lou Gene Sibal','',1),(341,'MCC-UPLB MNH-NICER CAVES P4-CL-CURCC-0-BAT-FECAL_PELLET-3-002','MCC-UPLB MNH-50011',1,'','{\"species\": \"Klebsiella sp.\"}','{\"motility\": false, \"cell_shape\": \"rod-shaped\", \"gram_stain\": false}','{}','{\"oxygen_tolerance\": \"facultative-anaerobe\", \"endospore_forming\": false, \"cytochrome_oxidase\": false, \"antibiotic_resistance_profile\": \"ampicillin-resistant\"}','{\"pathogenicity_human\": \"Potentially pathogenic to humans\"}','{}','Public',2,13,'Lou Gene Sibal','',2),(342,'MCC-UPLB MNH-NICER CAVES P4-CL-CURCC-0-BAT-FECAL_PELLET-3-003','MCC-UPLB MNH-50012',1,'','{\"species\": \"Citrobacter sp.\"}','{\"motility\": true, \"cell_shape\": \"rod-shaped\", \"gram_stain\": false}','{}','{\"oxygen_tolerance\": \"facultative-anaerobe\", \"endospore_forming\": false, \"cytochrome_oxidase\": false, \"antibiotic_resistance_profile\": \"ampicillin-resistant\"}','{\"pathogenicity_human\": \"Potentially pathogenic to humans\"}','{}','Public',2,13,'Lou Gene Sibal','',3),(343,'MCC-UPLB MNH-NICER CAVES P4-CL-CURCC-0-BAT-FECAL_PELLET-4-001','MCC-UPLB MNH-50013',1,'','{\"species\": \"Klebsiella aerogenes\"}','{\"motility\": false, \"cell_shape\": \"rod-shaped\", \"gram_stain\": false}','{}','{\"oxygen_tolerance\": \"facultative-anaerobe\", \"endospore_forming\": false, \"cytochrome_oxidase\": false, \"antibiotic_resistance_profile\": \"ampicillin-resistant\"}','{\"pathogenicity_human\": \"Opportunistic human pathogen\"}','{}','Public',2,14,'Lou Gene Sibal','',1),(344,'MCC-UPLB MNH-NICER CAVES P4-CL-CURCC-0-BAT-FECAL_PELLET-4-002','MCC-UPLB MNH-50014',1,'','{}','{\"cell_shape\": \"rod-shaped\", \"gram_stain\": false}','{}','{\"oxygen_tolerance\": \"obligate-aerobe\", \"endospore_forming\": false, \"cytochrome_oxidase\": true, \"antibiotic_resistance_profile\": \"multidrug-resistant\"}','{}','{}','Public',2,14,'Lou Gene Sibal','',2),(345,'MCC-UPLB MNH-NICER CAVES P4-CL-CURCC-0-BAT-FECAL_PELLET-4-003','MCC-UPLB MNH-50015',1,'','{}','{\"cell_shape\": \"rod-shaped\", \"gram_stain\": false}','{}','{\"oxygen_tolerance\": \"facultative-anaerobe\", \"endospore_forming\": false, \"cytochrome_oxidase\": false, \"antibiotic_resistance_profile\": \"ampicillin-resistant\"}','{}','{}','Public',2,14,'Lou Gene Sibal','',3),(346,'MCC-UPLB MNH-NICER CAVES P4-CL-CURCC-0-BAT-FECAL_PELLET-4-004','MCC-UPLB MNH-50016',1,'','{}','{\"cell_shape\": \"rod-shaped\", \"gram_stain\": false}','{}','{\"oxygen_tolerance\": \"facultative-anaerobe\", \"endospore_forming\": false, \"cytochrome_oxidase\": false}','{}','{}','Public',2,14,'Lou Gene Sibal','',4),(347,'MCC-UPLB MNH-NICER CAVES P4-CL-CURCC-0-BAT-FECAL_PELLET-5-001','MCC-UPLB MNH-50017',1,'','{}','{\"cell_shape\": \"rod-shaped\", \"gram_stain\": false}','{}','{\"oxygen_tolerance\": \"facultative-anaerobe\", \"endospore_forming\": false, \"cytochrome_oxidase\": false}','{}','{}','Public',2,15,'Lou Gene Sibal','',1),(348,'MCC-UPLB MNH-NICER CAVES P4-CL-CURCC-0-BAT-FECAL_PELLET-5-002','MCC-UPLB MNH-50018',1,'','{}','{\"cell_shape\": \"rod-shaped\", \"gram_stain\": false}','{}','{\"oxygen_tolerance\": \"facultative-anaerobe\", \"endospore_forming\": false, \"cytochrome_oxidase\": false, \"antibiotic_resistance_profile\": \"azithromycin-resistant\"}','{}','{}','Public',2,15,'Lou Gene Sibal','',2),(349,'MCC-UPLB MNH-NICER CAVES P4-CL-CURCC-0-BAT-FECAL_PELLET-5-003','MCC-UPLB MNH-50019',1,'','{}','{\"cell_shape\": \"rod-shaped\", \"gram_stain\": false}','{}','{\"oxygen_tolerance\": \"facultative-anaerobe\", \"endospore_forming\": false, \"cytochrome_oxidase\": false}','{}','{}','Public',2,15,'Lou Gene Sibal','',3),(390,'MCC-UPLB-MNH-NICER CAVES P4-TQ-PCTQ-1-BAT-GUANO-0-001','MCC-UPLB-MNH-50020',1,'','{\"class\": \"Gammaproteobacteria\", \"order\": \"Enterobacterales\", \"domain\": \"Bacteria\", \"family\": \"Enterobacteriaceae\", \"phylum\": \"Pseudomonadota\"}','{\"motility\": true, \"cell_shape\": \"rod-shaped\", \"gram_stain\": false}','{}','{\"oxygen_tolerance\": \"facultative anaerobe\", \"endospore_forming\": false, \"cytochrome_oxidase\": false, \"antibiotic_resistance_profile\": \"Ampicillin-resistant\"}','{}','{}','Researchers Only',7,32,'Nicette','',1),(391,'MCC-UPLB-MNH-NICER CAVES P4-TQ-PCTQ-1-BAT-GUANO-0-002','MCC-UPLB-MNH-50021',1,'','{\"class\": \"Gammaproteobacteria\", \"order\": \"Enterobacterales\", \"domain\": \"Bacteria\", \"family\": \"Enterobacteriaceae\", \"phylum\": \"Pseudomonadota\"}','{\"motility\": false, \"cell_shape\": \"short rods\", \"gram_stain\": false}','{}','{\"oxygen_tolerance\": \"facultative anaerobe\", \"endospore_forming\": false, \"cytochrome_oxidase\": false, \"antibiotic_resistance_profile\": \"Ampicillin-resistant\"}','{}','{}','Researchers Only',7,32,'Nicette','',2),(392,'MCC-UPLB-MNH-NICER CAVES P4-TQ-PCTQ-1-BAT-GUANO-0-003','MCC-UPLB-MNH-50022',1,'','{\"class\": \"Gammaproteobacteria\", \"order\": \"Enterobacterales\", \"domain\": \"Bacteria\", \"family\": \"Enterobacteriaceae\", \"phylum\": \"Pseudomonadota\"}','{\"motility\": true, \"cell_shape\": \"rod-shaped\", \"gram_stain\": false}','{}','{\"oxygen_tolerance\": \"facultative anaerobe\", \"endospore_forming\": false, \"cytochrome_oxidase\": false, \"antibiotic_resistance_profile\": \"-\"}','{}','{}','Researchers Only',7,32,'Nicette','',3),(393,'MCC-UPLB-MNH-NICER CAVES P4-TQ-PCTQ-1-BAT-GUANO-0-004','MCC-UPLB-MNH-50023',1,'','{\"class\": \"Gammaproteobacteria\", \"order\": \"Enterobacterales\", \"domain\": \"Bacteria\", \"family\": \"Enterobacteriaceae\", \"phylum\": \"Pseudomonadota\"}','{\"motility\": true, \"cell_shape\": \"rod-shaped\", \"gram_stain\": false}','{}','{\"oxygen_tolerance\": \"facultative anaerobe\", \"endospore_forming\": false, \"cytochrome_oxidase\": false, \"antibiotic_resistance_profile\": \"Ampicillin-resistant, developing resistance to Aztreonam\"}','{}','{}','Researchers Only',7,32,'Nicette','',4),(394,'MCC-UPLB-MNH-NICER CAVES P4-TQ-PCTQ-1-BAT-GUANO-0-005','MCC-UPLB-MNH-50024',1,'','{\"class\": \"Gammaproteobacteria\", \"order\": \"Enterobacterales\", \"domain\": \"Bacteria\", \"family\": \"Enterobacteriaceae\", \"phylum\": \"Pseudomonadota\"}','{\"motility\": true, \"cell_shape\": \"rod-shaped\", \"gram_stain\": false}','{}','{\"oxygen_tolerance\": \"facultative anaerobe\", \"endospore_forming\": false, \"cytochrome_oxidase\": false, \"antibiotic_resistance_profile\": \"Ampicillin-resistant\"}','{}','{}','Researchers Only',7,32,'Nicette','',5),(395,'MCC-UPLB-MNH-NICER CAVES P4-TQ-PCTQ-1-BAT-GUANO-0-006','MCC-UPLB-MNH-50025',1,'','{\"class\": \"Gammaproteobacteria\", \"order\": \"Enterobacterales\", \"domain\": \"Bacteria\", \"family\": \"Enterobacteriaceae\", \"phylum\": \"Pseudomonadota\"}','{\"motility\": true, \"cell_shape\": \"rod-shaped\", \"gram_stain\": false}','{}','{\"oxygen_tolerance\": \"facultative anaerobe\", \"endospore_forming\": false, \"cytochrome_oxidase\": false, \"antibiotic_resistance_profile\": \"Ampicillin-resistant\"}','{}','{}','Researchers Only',7,32,'Nicette','',6),(396,'MCC-UPLB-MNH-NICER CAVES P4-TQ-PCTQ-1-BAT-GUANO-0-007','MCC-UPLB-MNH-50026',1,'','{\"class\": \"Gammaproteobacteria\", \"order\": \"Enterobacterales\", \"domain\": \"Bacteria\", \"family\": \"Enterobacteriaceae\", \"phylum\": \"Pseudomonadota\"}','{\"motility\": true, \"cell_shape\": \"rod-shaped\", \"gram_stain\": false}','{}','{\"oxygen_tolerance\": \"facultative anaerobe\", \"endospore_forming\": false, \"cytochrome_oxidase\": false, \"antibiotic_resistance_profile\": \"-\"}','{}','{}','Researchers Only',7,32,'Nicette','',7),(397,'MCC-UPLB-MNH-NICER CAVES P4-TQ-PCTQ-1-BAT-GUANO-0-008','MCC-UPLB-MNH-50027',1,'','{\"class\": \"Gammaproteobacteria\", \"order\": \"Enterobacterales\", \"domain\": \"Bacteria\", \"family\": \"Enterobacteriaceae\", \"phylum\": \"Pseudomonadota\"}','{\"motility\": true, \"cell_shape\": \"rod-shaped\", \"gram_stain\": false}','{}','{\"oxygen_tolerance\": \"facultative anaerobe\", \"endospore_forming\": false, \"cytochrome_oxidase\": false, \"antibiotic_resistance_profile\": \"Ampicillin-resistant\"}','{}','{}','Researchers Only',7,32,'Nicette','',8),(398,'MCC-UPLB-MNH-NICER CAVES P4-TQ-PCTQ-1-BAT-GUANO-0-009','MCC-UPLB-MNH-50028',1,'','{\"class\": \"Gammaproteobacteria\", \"order\": \"Enterobacterales\", \"domain\": \"Bacteria\", \"family\": \"Enterobacteriaceae\", \"phylum\": \"Pseudomonadota\"}','{\"motility\": true, \"cell_shape\": \"rod-shaped\", \"gram_stain\": false}','{}','{\"oxygen_tolerance\": \"facultative anaerobe\", \"endospore_forming\": false, \"cytochrome_oxidase\": false, \"antibiotic_resistance_profile\": \"Ampicillin-resistant\"}','{}','{}','Researchers Only',7,32,'Nicette','',9),(399,'MCC-UPLB-MNH-NICER CAVES P4-TQ-PCTQ-1-BAT-GUANO-0-010','MCC-UPLB-MNH-50029',1,'','{\"class\": \"Gammaproteobacteria\", \"order\": \"Enterobacterales\", \"domain\": \"Bacteria\", \"family\": \"Enterobacteriaceae\", \"phylum\": \"Pseudomonadota\"}','{\"motility\": true, \"cell_shape\": \"short rods\", \"gram_stain\": false}','{}','{\"oxygen_tolerance\": \"facultative anaerobe\", \"endospore_forming\": false, \"cytochrome_oxidase\": false, \"antibiotic_resistance_profile\": \"-\"}','{}','{}','Researchers Only',7,32,'Nicette','',10),(400,'MCC-UPLB-MNH-NICER CAVES P4-TQ-PCTQ-1-BAT-GUANO-0-011','MCC-UPLB-MNH-50030',1,'','{\"class\": \"Gammaproteobacteria\", \"order\": \"Enterobacterales\", \"domain\": \"Bacteria\", \"family\": \"Enterobacteriaceae\", \"phylum\": \"Pseudomonadota\"}','{\"motility\": true, \"cell_shape\": \"rod-shaped\", \"gram_stain\": false}','{}','{\"oxygen_tolerance\": \"facultative anaerobe\", \"endospore_forming\": false, \"cytochrome_oxidase\": false, \"antibiotic_resistance_profile\": \"Ampicillin-resistant\"}','{}','{}','Researchers Only',7,32,'Nicette','',11),(401,'MCC-UPLB-MNH-NICER CAVES P4-TQ-PCTQ-1-BAT-GUANO-0-012','MCC-UPLB-MNH-50031',1,'','{\"class\": \"Gammaproteobacteria\", \"order\": \"Enterobacterales\", \"domain\": \"Bacteria\", \"family\": \"Enterobacteriaceae\", \"phylum\": \"Pseudomonadota\"}','{\"motility\": false, \"cell_shape\": \"rod-shaped\", \"gram_stain\": false}','{}','{\"oxygen_tolerance\": \"facultative anaerobe\", \"endospore_forming\": false, \"cytochrome_oxidase\": false, \"antibiotic_resistance_profile\": \"Ampicillin-resistant\"}','{}','{}','Researchers Only',7,32,'Nicette','',12),(402,'MCC-UPLB-MNH-NICER CAVES P4-TQ-PCTQ-1-BAT-GUANO-0-013','MCC-UPLB-MNH-50032',1,'','{\"class\": \"Gammaproteobacteria\", \"order\": \"Enterobacterales\", \"domain\": \"Bacteria\", \"family\": \"Enterobacteriaceae\", \"phylum\": \"Pseudomonadota\"}','{\"motility\": true, \"cell_shape\": \"rod-shaped\", \"gram_stain\": false}','{}','{\"oxygen_tolerance\": \"facultative anaerobe\", \"endospore_forming\": false, \"cytochrome_oxidase\": false, \"antibiotic_resistance_profile\": \"Ampicillin-resistant\"}','{}','{}','Researchers Only',7,32,'Nicette','',13),(403,'MCC-UPLB-MNH-NICER CAVES P4-TQ-PCTQ-1-BAT-GUANO-0-014','MCC-UPLB-MNH-50033',1,'','{\"class\": \"Gammaproteobacteria\", \"order\": \"Enterobacterales\", \"domain\": \"Bacteria\", \"family\": \"Enterobacteriaceae\", \"phylum\": \"Pseudomonadota\"}','{\"motility\": true, \"cell_shape\": \"rod-shaped\", \"gram_stain\": false}','{}','{\"oxygen_tolerance\": \"facultative anaerobe\", \"endospore_forming\": false, \"cytochrome_oxidase\": false, \"antibiotic_resistance_profile\": \"Ampicillin-resistant\"}','{}','{}','Researchers Only',7,32,'Nicette','',14),(404,'MCC-UPLB-MNH-NICER CAVES P4-TQ-PCTQ-1-BAT-GUANO-0-015','MCC-UPLB-MNH-50034',1,'','{\"class\": \"Gammaproteobacteria\", \"order\": \"Enterobacterales\", \"domain\": \"Bacteria\", \"family\": \"Enterobacteriaceae\", \"phylum\": \"Pseudomonadota\"}','{\"motility\": false, \"cell_shape\": \"rod-shaped\", \"gram_stain\": false}','{}','{\"oxygen_tolerance\": \"facultative anaerobe\", \"endospore_forming\": false, \"cytochrome_oxidase\": false, \"antibiotic_resistance_profile\": \"Ampicillin-resistant\"}','{}','{}','Researchers Only',7,32,'Nicette','',15),(405,'MCC-UPLB-MNH-NICER CAVES P4-TQ-PCTQ-1-BAT-GUANO-0-016','MCC-UPLB-MNH-50035',1,'','{\"class\": \"Gammaproteobacteria\", \"order\": \"Enterobacterales\", \"domain\": \"Bacteria\", \"family\": \"Enterobacteriaceae\", \"phylum\": \"Pseudomonadota\"}','{\"motility\": true, \"cell_shape\": \"rod-shaped\", \"gram_stain\": false}','{}','{\"oxygen_tolerance\": \"facultative anaerobe\", \"endospore_forming\": false, \"cytochrome_oxidase\": false, \"antibiotic_resistance_profile\": \"Ampicillin-resistant\"}','{}','{}','Researchers Only',7,32,'Nicette','',16),(406,'MCC-UPLB-MNH-NICER CAVES P4-TQ-PCTQ-1-BAT-GUANO-0-017','MCC-UPLB-MNH-50036',1,'','{\"class\": \"Gammaproteobacteria\", \"order\": \"Enterobacterales\", \"domain\": \"Bacteria\", \"family\": \"Enterobacteriaceae\", \"phylum\": \"Pseudomonadota\"}','{\"motility\": true, \"cell_shape\": \"rod-shaped\", \"gram_stain\": false}','{}','{\"oxygen_tolerance\": \"facultative anaerobe\", \"endospore_forming\": false, \"cytochrome_oxidase\": false, \"antibiotic_resistance_profile\": \"-\"}','{}','{}','Researchers Only',7,32,'Nicette','',17),(419,'MCC-UPLB MNH-NICER CAVES P4-PC-TQ-0-BAT-GUANO-0-001','MCC-UPLB MNH-70049',3,'','{\"class\": \"\", \"genus\": \"\", \"order\": \"\", \"domain\": \"Eukarya\", \"family\": \"\", \"phylum\": \"\", \"species\": \"\"}','{}','{}','{}','{}','{}','Researchers Only',5,23,'Ira','',1),(420,'MCC-UPLB MNH-NICER CAVES P4-TQ-PCTQ-4-BAT-GUANO-0-001','MCC-UPLB MNH-70050',3,'','{\"class\": \"\", \"genus\": \"\", \"order\": \"\", \"domain\": \"Eukarya\", \"family\": \"\", \"phylum\": \"\", \"species\": \"\"}','{}','{}','{}','{}','{}','Researchers Only',5,25,'Ira','',1),(421,'MCC-UPLB MNH-NICER CAVES P4-TQ-PCTQ-4-BAT-GUANO-0-002','MCC-UPLB MNH-70051',3,'','{\"class\": \"\", \"genus\": \"\", \"order\": \"\", \"domain\": \"Eukarya\", \"family\": \"\", \"phylum\": \"\", \"species\": \"\"}','{}','{}','{}','{}','{}','Researchers Only',5,25,'Ira','',2),(422,'MCC-UPLB MNH-NICER CAVES P4-TQ-PCTQ-4-BAT-GUANO-0-003','MCC-UPLB MNH-70052',3,'','{\"class\": \"\", \"genus\": \"\", \"order\": \"\", \"domain\": \"Eukarya\", \"family\": \"\", \"phylum\": \"\", \"species\": \"\"}','{}','{}','{}','{}','{}','Researchers Only',5,25,'Ira','',3),(423,'MCC-UPLB MNH-NICER CAVES P4-TQ-PCTQ-4-BAT-GUANO-0-004','MCC-UPLB MNH-70053',3,'','{\"class\": \"\", \"genus\": \"\", \"order\": \"\", \"domain\": \"Eukarya\", \"family\": \"\", \"phylum\": \"\", \"species\": \"\"}','{}','{}','{}','{}','{}','Researchers Only',5,25,'Ira','',4),(424,'MCC-UPLB MNH-NICER CAVES P4-TQ-PCTQ-4-BAT-GUANO-0-005','MCC-UPLB MNH-70054',3,'','{\"class\": \"\", \"genus\": \"\", \"order\": \"\", \"domain\": \"Eukarya\", \"family\": \"\", \"phylum\": \"\", \"species\": \"\"}','{}','{}','{}','{}','{}','Researchers Only',5,25,'Ira','',5),(425,'MCC-UPLB MNH-NICER CAVES P4-TQ-PCTQ-4-BAT-GUANO-0-006','MCC-UPLB MNH-70055',3,'','{\"class\": \"\", \"genus\": \"\", \"order\": \"\", \"domain\": \"Eukarya\", \"family\": \"\", \"phylum\": \"\", \"species\": \"\"}','{}','{}','{}','{}','{}','Researchers Only',5,25,'Ira','',6),(426,'MCC-UPLB MNH-NICER CAVES P4-TQ-PCTQ-4-BAT-GUANO-0-007','MCC-UPLB MNH-70056',3,'','{\"class\": \"\", \"genus\": \"\", \"order\": \"\", \"domain\": \"Eukarya\", \"family\": \"\", \"phylum\": \"\", \"species\": \"\"}','{}','{}','{}','{}','{}','Researchers Only',5,25,'Ira','',7),(427,'MCC-UPLB MNH-NICER CAVES P4-TQ-PCTQ-4-BAT-GUANO-0-008','MCC-UPLB MNH-70057',3,'','{\"class\": \"\", \"genus\": \"\", \"order\": \"\", \"domain\": \"Eukarya\", \"family\": \"\", \"phylum\": \"\", \"species\": \"\"}','{}','{}','{}','{}','{}','Researchers Only',5,25,'Ira','',8),(428,'MCC-UPLB MNH-NICER CAVES P4-TQ-PCTQ-4-BAT-GUANO-0-009','MCC-UPLB MNH-70058',3,'','{\"class\": \"\", \"genus\": \"\", \"order\": \"\", \"domain\": \"Eukarya\", \"family\": \"\", \"phylum\": \"\", \"species\": \"\"}','{}','{}','{}','{}','{}','Researchers Only',5,25,'Ira','',9),(429,'MCC-UPLB MNH-NICER CAVES P4-TC-PCTQ-1-BAT-RINSE-0-001','MCC-UPLB MNH-50059',1,'','{\"domain\": \"Bacteria\"}','{\"cell_shape\": \"Coccobacilli\", \"gram_stain\": true}','{}','{\"oxygen_tolerance\": \"Facultative anaerobe\", \"endospore_forming\": false}','{}','{}','Researchers Only',3,28,'Cedie','',1),(430,'MCC-UPLB MNH-NICER CAVES P4-TC-PCTQ-1-BAT-RINSE-0-002','MCC-UPLB MNH-50060',1,'','{\"domain\": \"Bacteria\"}','{\"cell_shape\": \"Cocci\", \"gram_stain\": true}','{}','{\"oxygen_tolerance\": \"Facultative anaerobe\", \"endospore_forming\": false}','{}','{}','Researchers Only',3,28,'Cedie','',2),(431,'MCC-UPLB MNH-NICER CAVES P4-TC-PCTQ-1-BAT-RINSE-0-003','MCC-UPLB MNH-50061',1,'','{\"domain\": \"Bacteria\"}','{\"cell_shape\": \"Coccobacilli, short rods\", \"gram_stain\": true}','{}','{\"oxygen_tolerance\": \"Obligate aerobe\", \"endospore_forming\": false}','{}','{}','Researchers Only',3,28,'Cedie','',3),(432,'MCC-UPLB MNH-NICER CAVES P4-TC-PCTQ-1-BAT-RINSE-0-004','MCC-UPLB MNH-50062',1,'','{\"domain\": \"Bacteria\"}','{\"cell_shape\": \"Coccobacilli, short rods\", \"gram_stain\": true}','{}','{\"oxygen_tolerance\": \"Facultative anaerobe\", \"endospore_forming\": false}','{}','{}','Researchers Only',3,28,'Cedie','',4),(433,'MCC-UPLB MNH-NICER CAVES P4-TC-PCTQ-1-BAT-RINSE-0-005','MCC-UPLB MNH-50063',1,'','{\"domain\": \"Bacteria\"}','{\"cell_shape\": \"Cocci, coccoid\", \"gram_stain\": true}','{}','{\"oxygen_tolerance\": \"Facultative anaerobe\", \"endospore_forming\": false}','{}','{}','Researchers Only',3,28,'Cedie','',5),(434,'MCC-UPLB MNH-NICER CAVES P4-TC-PCTQ-1-BAT-RINSE-0-006','MCC-UPLB MNH-50064',1,'','{\"domain\": \"Bacteria\"}','{\"cell_shape\": \"Cocci, coccoid\", \"gram_stain\": true}','{}','{\"oxygen_tolerance\": \"Facultative anaerobe\", \"endospore_forming\": false}','{}','{}','Researchers Only',3,28,'Cedie','',6),(435,'MCC-UPLB MNH-NICER CAVES P4-TC-PCTQ-1-BAT-RINSE-0-007','MCC-UPLB MNH-50065',1,'','{\"domain\": \"Bacteria\"}','{\"cell_shape\": \"Coccobacillus, short rods\", \"gram_stain\": true}','{}','{\"oxygen_tolerance\": \"Facultative anaerobe\", \"endospore_forming\": false}','{}','{}','Researchers Only',3,28,'Cedie','',7),(436,'MCC-UPLB MNH-NICER CAVES P4-TC-PCTQ-1-BAT-RINSE-1-001','MCC-UPLB MNH-50066',1,'','{\"domain\": \"Bacteria\"}','{\"cell_shape\": \"Cocci, coccoid\", \"gram_stain\": true}','{}','{\"oxygen_tolerance\": \"Facultative anaerobe\", \"endospore_forming\": false}','{}','{}','Researchers Only',3,29,'Cedie','',1),(437,'MCC-UPLB MNH-NICER CAVES P4-TC-PCTQ-1-BAT-RINSE-1-002','MCC-UPLB MNH-50067',1,'','{\"domain\": \"Bacteria\"}','{\"cell_shape\": \"Coccobacilli\", \"gram_stain\": true}','{}','{\"oxygen_tolerance\": \"Facultative anaerobe\", \"endospore_forming\": false}','{}','{}','Researchers Only',3,29,'Cedie','',2),(438,'MCC-UPLB MNH-NICER CAVES P4-TC-PCTQ-1-BAT-RINSE-1-003','MCC-UPLB MNH-50068',1,'','{\"domain\": \"Bacteria\"}','{\"cell_shape\": \"Short rods\", \"gram_stain\": false}','{}','{\"oxygen_tolerance\": \"Obligate aerobe\", \"endospore_forming\": false}','{}','{}','Researchers Only',3,29,'Cedie','',3),(439,'MCC-UPLB MNH-NICER CAVES P4-TC-PCTQ-1-BAT-RINSE-1-004','MCC-UPLB MNH-50069',1,'','{\"domain\": \"Bacteria\"}','{\"cell_shape\": \"Cocci, coccoid\", \"gram_stain\": true}','{}','{\"oxygen_tolerance\": \"Facultative anaerobe\", \"endospore_forming\": false}','{}','{}','Researchers Only',3,29,'Cedie','',4),(440,'MCC-UPLB MNH-NICER CAVES P4-TC-PCTQ-1-BAT-RINSE-1-005','MCC-UPLB MNH-50070',1,'','{\"domain\": \"Bacteria\"}','{\"cell_shape\": \"Coccobacilli\", \"gram_stain\": true}','{}','{\"oxygen_tolerance\": \"Facultative anaerobe\", \"endospore_forming\": false}','{}','{}','Researchers Only',3,29,'Cedie','',5),(441,'MCC-UPLB MNH-NICER CAVES P4-TC-PCTQ-1-BAT-RINSE-1-006','MCC-UPLB MNH-50071',1,'','{\"domain\": \"Bacteria\"}','{\"cell_shape\": \"Coccobacilli\", \"gram_stain\": true}','{}','{\"oxygen_tolerance\": \"Facultative anaerobe\", \"endospore_forming\": false}','{}','{}','Researchers Only',3,29,'Cedie','',6),(442,'MCC-UPLB MNH-NICER CAVES P4-TC-PCTQ-1-BAT-RINSE-2-001','MCC-UPLB MNH-50072',1,'','{\"domain\": \"Bacteria\"}','{\"cell_shape\": \"Coccobacilli\", \"gram_stain\": true}','{}','{\"oxygen_tolerance\": \"Facultative anaerobe\", \"endospore_forming\": false}','{}','{}','Researchers Only',3,31,'Cedie','',1),(443,'MCC-UPLB MNH-NICER CAVES P4-TC-PCTQ-1-BAT-RINSE-2-002','MCC-UPLB MNH-50073',1,'','{\"domain\": \"Bacteria\"}','{\"cell_shape\": \"Cocci, coccoid\", \"gram_stain\": true}','{}','{\"oxygen_tolerance\": \"Facultative anaerobe\", \"endospore_forming\": false}','{}','{}','Researchers Only',3,31,'Cedie','',2),(444,'MCC-UPLB MNH-NICER CAVES P4-TC-PCTQ-1-BAT-RINSE-2-003','MCC-UPLB MNH-50074',1,'','{\"domain\": \"Bacteria\"}','{\"cell_shape\": \"Coccobacilli\", \"gram_stain\": true}','{}','{\"oxygen_tolerance\": \"Facultative anaerobe\", \"endospore_forming\": false}','{}','{}','Researchers Only',3,31,'Cedie','',3),(445,'MCC-UPLB MNH-NICER CAVES P4-TC-PCTQ-1-BAT-RINSE-2-004','MCC-UPLB MNH-50075',1,'','{\"domain\": \"Bacteria\"}','{\"cell_shape\": \"Coccobacilli\", \"gram_stain\": true}','{}','{\"oxygen_tolerance\": \"Facultative anaerobe\", \"endospore_forming\": false}','{}','{}','Researchers Only',3,31,'Cedie','',4),(446,'MCC-UPLB MNH-NICER CAVES P4-TC-PCTQ-1-BAT-RINSE-2-005','MCC-UPLB MNH-50076',1,'','{\"domain\": \"Bacteria\"}','{\"cell_shape\": \"Cocci, coccoid\", \"gram_stain\": true}','{}','{\"oxygen_tolerance\": \"Obligate aerobe\", \"endospore_forming\": false}','{}','{}','Researchers Only',3,31,'Cedie','',5),(447,'MCC-UPLB MNH-NICER CAVES P4-TC-PCTQ-1-BAT-RINSE-2-006','MCC-UPLB MNH-50077',1,'','{\"domain\": \"Bacteria\"}','{\"cell_shape\": \"Cocci, coccoid\", \"gram_stain\": true}','{}','{\"oxygen_tolerance\": \"Obligate aerobe\", \"endospore_forming\": false}','{}','{}','Researchers Only',3,31,'Cedie','',6),(448,'MCC-UPLB MNH-NICER CAVES P4-TC-PCTQ-1-BAT-RINSE-3-001','MCC-UPLB MNH-50078',1,'','{\"domain\": \"Bacteria\"}','{\"cell_shape\": \"Coccobacillus, short rods\", \"gram_stain\": false}','{}','{\"oxygen_tolerance\": \"Facultative anaerobe\", \"endospore_forming\": false}','{}','{}','Researchers Only',3,33,'Cedie','',1),(449,'MCC-UPLB MNH-NICER CAVES P4-TC-PCTQ-1-BAT-RINSE-3-002','MCC-UPLB MNH-50079',1,'','{\"domain\": \"Bacteria\"}','{\"cell_shape\": \"Cocci, coccobacilli\", \"gram_stain\": false}','{}','{\"oxygen_tolerance\": \"Facultative anaerobe\", \"endospore_forming\": false}','{}','{}','Researchers Only',3,33,'Cedie','',2),(450,'MCC-UPLB MNH-NICER CAVES P4-TC-PCTQ-1-BAT-RINSE-3-003','MCC-UPLB MNH-50080',1,'','{\"domain\": \"Bacteria\"}','{\"cell_shape\": \"Coccobacillus, short rods\", \"gram_stain\": false}','{}','{\"oxygen_tolerance\": \"Facultative anaerobe\", \"endospore_forming\": false}','{}','{}','Researchers Only',3,33,'Cedie','',3),(451,'MCC-UPLB MNH-NICER CAVES P4-TC-PCTQ-1-BAT-RINSE-3-004','MCC-UPLB MNH-50081',1,'','{\"domain\": \"Bacteria\"}','{\"cell_shape\": \"Coccobacillus\", \"gram_stain\": false}','{}','{\"oxygen_tolerance\": \"Obligate aerobe\", \"endospore_forming\": false}','{}','{}','Researchers Only',3,33,'Cedie','',4),(452,'MCC-UPLB MNH-NICER CAVES P4-TC-PCTQ-1-BAT-RINSE-3-005','MCC-UPLB MNH-50082',1,'','{\"domain\": \"Bacteria\"}','{\"cell_shape\": \"Cocci, coccobacilli\", \"gram_stain\": true}','{}','{\"oxygen_tolerance\": \"Facultative anaerobe\", \"endospore_forming\": false}','{}','{}','Researchers Only',3,33,'Cedie','',5),(453,'MCC-UPLB MNH-NICER CAVES P4-TC-PCTQ-1-BAT-RINSE-3-006','MCC-UPLB MNH-50083',1,'','{\"domain\": \"Bacteria\"}','{\"cell_shape\": \"Cocci, coccobacilli\", \"gram_stain\": false}','{}','{\"oxygen_tolerance\": \"Facultative anaerobe\", \"endospore_forming\": false}','{}','{}','Researchers Only',3,33,'Cedie','',6),(454,'MCC-UPLB MNH-NICER CAVES P4-TC-PCTQ-1-BAT-RINSE-3-007','MCC-UPLB MNH-50084',1,'','{\"domain\": \"Bacteria\"}','{\"cell_shape\": \"Cocci\", \"gram_stain\": true}','{}','{\"oxygen_tolerance\": \"Facultative anaerobe\", \"endospore_forming\": false}','{}','{}','Researchers Only',3,33,'Cedie','',7),(455,'MCC-UPLB MNH-NICER CAVES P4-TC-PCTQ-1-BAT-RINSE-3-008','MCC-UPLB MNH-50085',1,'','{\"domain\": \"Bacteria\"}','{\"cell_shape\": \"Short rods\", \"gram_stain\": false}','{}','{\"oxygen_tolerance\": \"Facultative anaerobe\", \"endospore_forming\": false}','{}','{}','Researchers Only',3,33,'Cedie','',8),(456,'MCC-UPLB MNH-NICER CAVES P4-TC-PCTQ-1-BAT-RINSE-4-001','MCC-UPLB MNH-50086',1,'','{\"domain\": \"Bacteria\"}','{\"cell_shape\": \"Cocci, coccobacilli\", \"gram_stain\": false}','{}','{\"oxygen_tolerance\": \"Facultative anaerobe\", \"endospore_forming\": false}','{}','{}','Researchers Only',3,34,'Cedie','',1),(457,'MCC-UPLB MNH-NICER CAVES P4-TC-PCTQ-1-BAT-RINSE-4-002','MCC-UPLB MNH-50087',1,'','{\"domain\": \"Bacteria\"}','{\"cell_shape\": \"Cocci, coccobacilli\", \"gram_stain\": false}','{}','{\"oxygen_tolerance\": \"Facultative anaerobe\", \"endospore_forming\": false}','{}','{}','Researchers Only',3,34,'Cedie','',2),(458,'MCC-UPLB MNH-NICER CAVES P4-TC-PCTQ-1-BAT-RINSE-4-003','MCC-UPLB MNH-50088',1,'','{\"domain\": \"Bacteria\"}','{\"cell_shape\": \"Cocci, coccobacilli\", \"gram_stain\": false}','{}','{\"oxygen_tolerance\": \"Facultative anaerobe\", \"endospore_forming\": false}','{}','{}','Researchers Only',3,34,'Cedie','',3),(459,'MCC-UPLB MNH-NICER CAVES P4-TC-PCTQ-1-BAT-RINSE-4-004','MCC-UPLB MNH-50089',1,'','{\"domain\": \"Bacteria\"}','{\"cell_shape\": \"Cocci, coccobacilli\", \"gram_stain\": false}','{}','{\"oxygen_tolerance\": \"Facultative anaerobe\", \"endospore_forming\": false}','{}','{}','Researchers Only',3,34,'Cedie','',4),(460,'MCC-UPLB MNH-NICER CAVES P4-TC-PCTQ-1-BAT-RINSE-4-005','MCC-UPLB MNH-50090',1,'','{\"domain\": \"Bacteria\"}','{\"cell_shape\": \"Coccobacillus, short rods\", \"gram_stain\": false}','{}','{\"oxygen_tolerance\": \"Obligate aerobe\", \"endospore_forming\": false}','{}','{}','Researchers Only',3,34,'Cedie','',5),(461,'MCC-UPLB MNH-NICER CAVES P4-TC-PCTQ-1-BAT-RINSE-4-006','MCC-UPLB MNH-50091',1,'','{\"domain\": \"Bacteria\"}','{\"cell_shape\": \"Cocci, coccoid\", \"gram_stain\": true}','{}','{\"oxygen_tolerance\": \"Facultative anaerobe\", \"endospore_forming\": false}','{}','{}','Researchers Only',3,34,'Cedie','',6),(462,'MCC-UPLB MNH-NICER CAVES P4-TC-PCTQ-1-BAT-RINSE-4-007','MCC-UPLB MNH-50092',1,'','{\"domain\": \"Bacteria\"}','{\"cell_shape\": \"Cocci, coccobacilli\", \"gram_stain\": false}','{}','{\"oxygen_tolerance\": \"Facultative anaerobe\", \"endospore_forming\": false}','{}','{}','Researchers Only',3,34,'Cedie','',7),(463,'MCC-UPLB MNH-NICER CAVES P4-TC-PCTQ-1-BAT-RINSE-4-008','MCC-UPLB MNH-50093',1,'','{\"domain\": \"Bacteria\"}','{\"cell_shape\": \"Cocci, coccoid\", \"gram_stain\": false}','{}','{\"oxygen_tolerance\": \"Facultative anaerobe\", \"endospore_forming\": false}','{}','{}','Researchers Only',3,34,'Cedie','',8),(464,'MCC-UPLB MNH-NICER CAVES P4-TC-PCTQ-1-BAT-RINSE-5-001','MCC-UPLB MNH-50094',1,'','{\"domain\": \"Bacteria\"}','{\"cell_shape\": \"Cocci, coccobacilli\", \"gram_stain\": false}','{}','{\"oxygen_tolerance\": \"Facultative anaerobe\", \"endospore_forming\": false}','{}','{}','Researchers Only',3,36,'Cedie','',1),(465,'MCC-UPLB MNH-NICER CAVES P4-TC-PCTQ-1-BAT-RINSE-5-002','MCC-UPLB MNH-50095',1,'','{\"domain\": \"Bacteria\"}','{\"cell_shape\": \"Cocci, coccobacilli\", \"gram_stain\": false}','{}','{\"oxygen_tolerance\": \"Facultative anaerobe\", \"endospore_forming\": false}','{}','{}','Researchers Only',3,36,'Cedie','',2),(466,'MCC-UPLB MNH-NICER CAVES P4-TC-PCTQ-1-BAT-RINSE-5-003','MCC-UPLB MNH-50096',1,'','{\"domain\": \"Bacteria\"}','{\"cell_shape\": \"Cocci, coccobacilli\", \"gram_stain\": false}','{}','{\"oxygen_tolerance\": \"Facultative anaerobe\", \"endospore_forming\": false}','{}','{}','Researchers Only',3,36,'Cedie','',3),(467,'MCC-UPLB MNH-NICER CAVES P4-TC-PCTQ-1-BAT-RINSE-5-004','MCC-UPLB MNH-50097',1,'','{\"domain\": \"Bacteria\"}','{\"cell_shape\": \"Cocci, coccobacilli\", \"gram_stain\": false}','{}','{\"oxygen_tolerance\": \"Facultative anaerobe\", \"endospore_forming\": false}','{}','{}','Researchers Only',3,36,'Cedie','',4),(468,'MCC-UPLB MNH-NICER CAVES P4-TC-PCTQ-1-BAT-RINSE-5-005','MCC-UPLB MNH-50098',1,'','{\"domain\": \"Bacteria\"}','{\"cell_shape\": \"Bacilli\", \"gram_stain\": true}','{}','{\"oxygen_tolerance\": \"Facultative anaerobe\", \"endospore_forming\": false}','{}','{}','Researchers Only',3,36,'Cedie','',5),(469,'MCC-UPLB MNH-NICER CAVES P4-TC-PCTQ-1-BAT-RINSE-5-006','MCC-UPLB MNH-50099',1,'','{\"domain\": \"Bacteria\"}','{\"cell_shape\": \"Short rods\", \"gram_stain\": false}','{}','{\"oxygen_tolerance\": \"Obligate aerobe\", \"endospore_forming\": false}','{}','{}','Researchers Only',3,36,'Cedie','',6),(470,'MCC-UPLB MNH-NICER CAVES P4-TC-PCTQ-1-BAT-RINSE-5-007','MCC-UPLB MNH-50100',1,'','{\"domain\": \"Bacteria\"}','{\"cell_shape\": \"Cocci, coccobacilli\", \"gram_stain\": true}','{}','{\"oxygen_tolerance\": \"Facultative anaerobe\", \"endospore_forming\": false}','{}','{}','Researchers Only',3,36,'Cedie','',7),(471,'MCC-UPLB MNH-NICER CAVES P4-PC-TQ-0-BAT-GUANO-0-002','MCC-UPLB MNH-50101',1,'','{}','{\"cell_shape\": \"rod-shaped\", \"gram_stain\": true}','{\"growth\": true, \"medium\": \"AIA\", \"temp_range\": \"\", \"culture_temp\": \"\", \"medium_composition\": \"\"}','{\"oxygen_tolerance\": \"\", \"antibiotic_resistance_profile\": \"\"}','{\"biosafety_level\": \"\", \"pathogenicity_human\": \"\", \"pathogenicity_animal\": \"\"}','{}','Researchers Only',8,23,'Thea','',2),(472,'MCC-UPLB MNH-NICER CAVES P4-PC-TQ-0-BAT-GUANO-0-003','MCC-UPLB MNH-50102',1,'','{}','{\"cell_shape\": \"rod-shaped\", \"gram_stain\": true}','{\"growth\": true, \"medium\": \"AIA\", \"temp_range\": \"\", \"culture_temp\": \"\", \"medium_composition\": \"\"}','{\"oxygen_tolerance\": \"\", \"antibiotic_resistance_profile\": \"\"}','{\"biosafety_level\": \"\", \"pathogenicity_human\": \"\", \"pathogenicity_animal\": \"\"}','{}','Researchers Only',8,23,'Thea','',3),(473,'MCC-UPLB MNH-NICER CAVES P4-TQ-PCTQ-4-BAT-GUANO-0-010','MCC-UPLB MNH-70103',3,'','{\"class\": \"\", \"genus\": \"\", \"order\": \"\", \"domain\": \"Eukarya\", \"family\": \"\", \"phylum\": \"\", \"species\": \"\"}','{}','{}','{}','{}','{}','Researchers Only',5,25,'Ira','',10),(474,'MCC-UPLB MNH-NICER CAVES P4-TQ-PCTQ-4-BAT-GUANO-0-011','MCC-UPLB MNH-70104',3,'','{\"class\": \"\", \"genus\": \"\", \"order\": \"\", \"domain\": \"Eukarya\", \"family\": \"\", \"phylum\": \"\", \"species\": \"\"}','{}','{}','{}','{}','{}','Researchers Only',5,25,'Ira','',11),(476,'MCC-UPLB MNH-NICER CAVES P4-PC-TQ-0-BAT-GUANO-0-004','MCC-UPLB MNH-50106',1,'','{}','{\"motility\": false, \"cell_shape\": \"coccus-shaped\", \"gram_stain\": true}','{\"growth\": true, \"medium\": \"AIA\", \"temp_range\": \"\", \"culture_temp\": \"\", \"medium_composition\": \"\"}','{\"oxygen_tolerance\": \"\", \"antibiotic_resistance_profile\": \"\"}','{\"biosafety_level\": \"\", \"pathogenicity_human\": \"\", \"pathogenicity_animal\": \"\"}','{}','Researchers Only',8,23,'Thea','',4),(477,'MCC-UPLB MNH-NICER CAVES P4-TQ-PCTQ-4-BAT-GUANO-0-012','MCC-UPLB MNH-70106',3,'','{\"class\": \"Ascomycota\", \"genus\": \"Trichoderma\", \"order\": \"Hypocreales\", \"domain\": \"Eukarya\", \"family\": \"Hypocreaceae\", \"phylum\": \"\", \"species\": \"Trichoderma asperellum\"}','{}','{}','{}','{}','{}','Researchers Only',5,25,'Ira','',12),(478,'MCC-UPLB MNH-NICER CAVES P4-TQ-PCTQ-4-BAT-GUANO-0-013','MCC-UPLB MNH-70107',3,'','{\"class\": \"Sordariomycetes\", \"genus\": \"Trichoderma\", \"order\": \"Hypocreales\", \"domain\": \"Eukarya\", \"family\": \"Hypocreaceae\", \"phylum\": \"Ascomycota\", \"species\": \"Trichoderma asperellum\"}','{}','{}','{}','{}','{}','Researchers Only',5,25,'Ira','',13),(479,'MCC-UPLB MNH-NICER CAVES P4-TQ-PCTQ-4-BAT-GUANO-0-014','MCC-UPLB MNH-70108',3,'','{\"class\": \"Sordariomycetes\", \"genus\": \"Trichoderma\", \"order\": \"Hypocreales\", \"domain\": \"Eukarya\", \"family\": \"Hypocreaceae\", \"phylum\": \"Ascomycota\", \"species\": \"Trichoderma asperellum\"}','{}','{}','{}','{}','{}','Researchers Only',5,25,'Ira','',14),(480,'MCC-UPLB MNH-NICER CAVES P4-CL-CURCC-0-BAT-FECAL_PELLET-0-003','MCC-UPLB MNH-50109',1,'','{\"class\": \"Clostridia\", \"genus\": \"Peptostreptococcus\", \"order\": \"Eubacteriales\", \"domain\": \"Bacteria\", \"family\": \"Peptostreptococcaceae\", \"phylum\": \"Bacillota\", \"species\": \"Peptostreptococcus anaerobius\"}','{\"motility\": false, \"cell_shape\": \"coccus-shaped\", \"gram_stain\": true}','{\"growth\": true, \"medium\": \"FASTIDIOUS ANAEROBE BROTH\", \"temp_range\": \"mesophilic\", \"culture_temp\": \"37\", \"medium_composition\": \"Fastidious Anaerobe Basal Broth 35.4 g/l Distilled water\"}','{\"oxygen_tolerance\": \"Anaerobe\", \"endospore_forming\": false, \"cytochrome_oxidase\": true, \"antibiotic_resistance_profile\": \"Multidrug-resistant\"}','{\"biosafety_level\": \"2\", \"pathogenicity_human\": \"Potentially pathogenic to humans\", \"pathogenicity_animal\": \"Opportunistic animal pathogen\"}','{}','Public',1,9,'admin','',3),(481,'MCC-UPLB MNH-NICER CAVES P4-CL-CURCC-0-BAT-FECAL_PELLET-7-003','MCC-UPLB MNH-50110',1,'','{\"species\": \"Escherichia coli\"}','{\"motility\": true, \"cell_shape\": \"rod-shaped\", \"gram_stain\": false}','{}','{\"oxygen_tolerance\": \"facultative-anaerobe\", \"endospore_forming\": false, \"cytochrome_oxidase\": false, \"antibiotic_resistance_profile\": \"ampicillin-resistant\"}','{\"pathogenicity_human\": \"Potentially pathogenic to humans\"}','{}','Public',1,17,'admin','',3),(482,'MCC-UPLB MNH-NICER CAVES P4-CL-CURCC-0-BAT-FECAL_PELLET-7-004','MCC-UPLB MNH-50111',1,'','{}','{\"cell_shape\": \"rod-shaped\", \"gram_stain\": false}','{}','{\"oxygen_tolerance\": \"facultative-anaerobe\", \"endospore_forming\": false, \"cytochrome_oxidase\": false}','{}','{}','Public',1,17,'admin','',4),(483,'MCC-UPLB MNH-NICER CAVES P4-CL-CURCC-0-BAT-FECAL_PELLET-0-004','MCC-UPLB MNH-50112',1,'','{\"species\": \"Citrobacter freundii\"}','{\"motility\": true, \"cell_shape\": \"rod-shaped\", \"gram_stain\": false}','{}','{\"oxygen_tolerance\": \"facultative-anaerobe\", \"endospore_forming\": false, \"cytochrome_oxidase\": false, \"antibiotic_resistance_profile\": \"ampicillin-resistant\"}','{\"pathogenicity_human\": \"Opportunistic human pathogen\"}','{}','Public',1,9,'admin','',4),(484,'MCC-UPLB MNH-NICER CAVES P4-CL-CURCC-0-BAT-FECAL_PELLET-0-005','MCC-UPLB MNH-50113',1,'','{\"species\": \"Klebsiella sp.\"}','{\"motility\": false, \"cell_shape\": \"rod-shaped\", \"gram_stain\": false}','{}','{\"oxygen_tolerance\": \"facultative-anaerobe\", \"endospore_forming\": false, \"cytochrome_oxidase\": false, \"antibiotic_resistance_profile\": \"ampicillin-resistant\"}','{\"pathogenicity_human\": \"Potentially pathogenic to humans\"}','{}','Public',1,9,'admin','',5),(485,'MCC-UPLB MNH-NICER CAVES P4-CL-CURCC-0-BAT-FECAL_PELLET-1-003','MCC-UPLB MNH-50114',1,'','{}','{\"cell_shape\": \"rod-shaped\", \"gram_stain\": false}','{}','{\"oxygen_tolerance\": \"obligate-aerobe\", \"endospore_forming\": false, \"cytochrome_oxidase\": true, \"antibiotic_resistance_profile\": \"multidrug-resistant\"}','{}','{}','Public',1,10,'admin','',3),(486,'MCC-UPLB MNH-NICER CAVES P4-CL-CURCC-0-BAT-FECAL_PELLET-1-004','MCC-UPLB MNH-50115',1,'','{\"species\": \"Pseudomonas psychrophila\"}','{\"motility\": true, \"cell_shape\": \"rod-shaped\", \"gram_stain\": false}','{}','{\"oxygen_tolerance\": \"obligate-aerobe\", \"endospore_forming\": false, \"cytochrome_oxidase\": true, \"antibiotic_resistance_profile\": \"multidrug-resistant\"}','{\"pathogenicity_animal\": \"Rainbow trout (Oncorhynchus mykiss) pathogen\"}','{}','Public',1,10,'admin','',4),(487,'MCC-UPLB MNH-NICER CAVES P4-CL-CURCC-0-BAT-FECAL_PELLET-6-002','MCC-UPLB MNH-50116',1,'','{}','{\"cell_shape\": \"rod-shaped\", \"gram_stain\": false}','{}','{\"oxygen_tolerance\": \"facultative-anaerobe\", \"endospore_forming\": false, \"cytochrome_oxidase\": false}','{}','{}','Public',1,16,'admin','',2),(488,'MCC-UPLB MNH-NICER CAVES P4-CL-CURCC-0-BAT-FECAL_PELLET-2-003','MCC-UPLB MNH-50117',1,'','{\"species\": \"Klebsiella sp.\"}','{\"motility\": false, \"cell_shape\": \"rod-shaped\", \"gram_stain\": false}','{}','{\"oxygen_tolerance\": \"facultative-anaerobe\", \"endospore_forming\": false, \"cytochrome_oxidase\": false, \"antibiotic_resistance_profile\": \"ampicillin-resistant\"}','{\"pathogenicity_human\": \"Potentially pathogenic to humans\"}','{}','Public',1,12,'admin','',3),(489,'MCC-UPLB MNH-NICER CAVES P4-CL-CURCC-0-BAT-FECAL_PELLET-2-004','MCC-UPLB MNH-50118',1,'','{\"species\": \"Klebsiella sp.\"}','{\"motility\": false, \"cell_shape\": \"rod-shaped\", \"gram_stain\": false}','{}','{\"oxygen_tolerance\": \"facultative-anaerobe\", \"endospore_forming\": false, \"cytochrome_oxidase\": false, \"antibiotic_resistance_profile\": \"ampicillin-resistant\"}','{\"pathogenicity_human\": \"Potentially pathogenic to humans\"}','{}','Public',1,12,'admin','',4),(490,'MCC-UPLB MNH-NICER CAVES P4-CL-CURCC-0-BAT-FECAL_PELLET-3-004','MCC-UPLB MNH-50119',1,'','{\"species\": \"Klebsiella sp.\"}','{\"motility\": false, \"cell_shape\": \"rod-shaped\", \"gram_stain\": false}','{}','{\"oxygen_tolerance\": \"facultative-anaerobe\", \"endospore_forming\": false, \"cytochrome_oxidase\": false, \"antibiotic_resistance_profile\": \"ampicillin-resistant\"}','{\"pathogenicity_human\": \"Potentially pathogenic to humans\"}','{}','Public',1,13,'admin','',4),(491,'MCC-UPLB MNH-NICER CAVES P4-CL-CURCC-0-BAT-FECAL_PELLET-3-005','MCC-UPLB MNH-50120',1,'','{\"species\": \"Klebsiella sp.\"}','{\"motility\": false, \"cell_shape\": \"rod-shaped\", \"gram_stain\": false}','{}','{\"oxygen_tolerance\": \"facultative-anaerobe\", \"endospore_forming\": false, \"cytochrome_oxidase\": false, \"antibiotic_resistance_profile\": \"ampicillin-resistant\"}','{\"pathogenicity_human\": \"Potentially pathogenic to humans\"}','{}','Public',1,13,'admin','',5),(492,'MCC-UPLB MNH-NICER CAVES P4-CL-CURCC-0-BAT-FECAL_PELLET-3-006','MCC-UPLB MNH-50121',1,'','{\"species\": \"Citrobacter sp.\"}','{\"motility\": true, \"cell_shape\": \"rod-shaped\", \"gram_stain\": false}','{}','{\"oxygen_tolerance\": \"facultative-anaerobe\", \"endospore_forming\": false, \"cytochrome_oxidase\": false, \"antibiotic_resistance_profile\": \"ampicillin-resistant\"}','{\"pathogenicity_human\": \"Potentially pathogenic to humans\"}','{}','Public',1,13,'admin','',6),(493,'MCC-UPLB MNH-NICER CAVES P4-CL-CURCC-0-BAT-FECAL_PELLET-4-005','MCC-UPLB MNH-50122',1,'','{\"species\": \"Klebsiella aerogenes\"}','{\"motility\": false, \"cell_shape\": \"rod-shaped\", \"gram_stain\": false}','{}','{\"oxygen_tolerance\": \"facultative-anaerobe\", \"endospore_forming\": false, \"cytochrome_oxidase\": false, \"antibiotic_resistance_profile\": \"ampicillin-resistant\"}','{\"pathogenicity_human\": \"Opportunistic human pathogen\"}','{}','Public',1,14,'admin','',5),(494,'MCC-UPLB MNH-NICER CAVES P4-CL-CURCC-0-BAT-FECAL_PELLET-4-006','MCC-UPLB MNH-50123',1,'','{}','{\"cell_shape\": \"rod-shaped\", \"gram_stain\": false}','{}','{\"oxygen_tolerance\": \"obligate-aerobe\", \"endospore_forming\": false, \"cytochrome_oxidase\": true, \"antibiotic_resistance_profile\": \"multidrug-resistant\"}','{}','{}','Public',1,14,'admin','',6),(495,'MCC-UPLB MNH-NICER CAVES P4-CL-CURCC-0-BAT-FECAL_PELLET-4-007','MCC-UPLB MNH-50124',1,'','{}','{\"cell_shape\": \"rod-shaped\", \"gram_stain\": false}','{}','{\"oxygen_tolerance\": \"facultative-anaerobe\", \"endospore_forming\": false, \"cytochrome_oxidase\": false, \"antibiotic_resistance_profile\": \"ampicillin-resistant\"}','{}','{}','Public',1,14,'admin','',7),(496,'MCC-UPLB MNH-NICER CAVES P4-CL-CURCC-0-BAT-FECAL_PELLET-4-008','MCC-UPLB MNH-50125',1,'','{}','{\"cell_shape\": \"rod-shaped\", \"gram_stain\": false}','{}','{\"oxygen_tolerance\": \"facultative-anaerobe\", \"endospore_forming\": false, \"cytochrome_oxidase\": false}','{}','{}','Public',1,14,'admin','',8),(497,'MCC-UPLB MNH-NICER CAVES P4-CL-CURCC-0-BAT-FECAL_PELLET-5-004','MCC-UPLB MNH-50126',1,'','{}','{\"cell_shape\": \"rod-shaped\", \"gram_stain\": false}','{}','{\"oxygen_tolerance\": \"facultative-anaerobe\", \"endospore_forming\": false, \"cytochrome_oxidase\": false}','{}','{}','Public',1,15,'admin','',4),(498,'MCC-UPLB MNH-NICER CAVES P4-CL-CURCC-0-BAT-FECAL_PELLET-5-005','MCC-UPLB MNH-50127',1,'','{}','{\"cell_shape\": \"rod-shaped\", \"gram_stain\": false}','{}','{\"oxygen_tolerance\": \"facultative-anaerobe\", \"endospore_forming\": false, \"cytochrome_oxidase\": false, \"antibiotic_resistance_profile\": \"azithromycin-resistant\"}','{}','{}','Public',1,15,'admin','',5),(499,'MCC-UPLB MNH-NICER CAVES P4-CL-CURCC-0-BAT-FECAL_PELLET-5-006','MCC-UPLB MNH-50128',1,'','{}','{\"cell_shape\": \"rod-shaped\", \"gram_stain\": false}','{}','{\"oxygen_tolerance\": \"facultative-anaerobe\", \"endospore_forming\": false, \"cytochrome_oxidase\": false}','{}','{}','Public',1,15,'admin','',6),(512,'MCC-UPLB-MNH-NICER CAVES P4-TQ-PC-0-BAT-GUT-1-001','MCC-UPLB-MNH-50117',1,'','{\"class\": \"Gammaproteobacteria\", \"genus\": \"Kluyvera sp.\", \"domain\": \"Bacteria\", \"family\": \"Enterobacteriaceae\", \"phylum\": \"Pseudomonadota\", \"species\": \"Kluyvera sp.\"}','{\"cell_shape\": \"rod-shaped\", \"gram_stain\": false}','{\"growth\": true, \"medium\": \"Trypticase Soy Agar\", \"temp_range\": \"35-37 C\", \"culture_temp\": \"35\"}','{\"oxygen_tolerance\": \"Facultative anaerobic \", \"endospore_forming\": false, \"cytochrome_oxidase\": false, \"antibiotic_resistance_profile\": \"Ampicillin-resistant, Azithromycin-resistant\"}','{}','{}','Public',4,46,'Ezekiel','',1),(514,'MCC-UPLB-MNH-NICER CAVES P4-TQ-PC-0-BAT-GUT-1-003','MCC-UPLB-MNH-50119',1,'','{\"class\": \"Gammaproteobacteria\", \"genus\": \"Klebsiella sp.\", \"domain\": \"Bacteria\", \"family\": \"Enterobacteriaceae\", \"phylum\": \"Pseudomonadota\", \"species\": \"Klebsiella variicola\"}','{\"cell_shape\": \"rod-shaped\", \"gram_stain\": false}','{\"growth\": true, \"medium\": \"Trypticase Soy Agar\", \"temp_range\": \"35-37 C\", \"culture_temp\": \"35\"}','{\"oxygen_tolerance\": \"Facultative anaerobic \", \"endospore_forming\": false, \"cytochrome_oxidase\": false, \"antibiotic_resistance_profile\": \"Ampicillin-resistant\"}','{}','{}','Public',4,46,'Ezekiel','',3),(515,'MCC-UPLB-MNH-NICER CAVES P4-TQ-PC-0-BAT-GUT-2-001','MCC-UPLB-MNH-50120',1,'','{\"class\": \"Gammaproteobacteria\", \"genus\": \"Klebsiella sp.\", \"domain\": \"Bacteria\", \"family\": \"Enterobacteriaceae\", \"phylum\": \"Pseudomonadota\", \"species\": \"Klebsiella sp.\"}','{\"cell_shape\": \"rod-shaped\", \"gram_stain\": false}','{\"growth\": true, \"medium\": \"Trypticase Soy Agar\", \"temp_range\": \"35-37 C\", \"culture_temp\": \"35\"}','{\"oxygen_tolerance\": \"Facultative anaerobic \", \"endospore_forming\": false, \"cytochrome_oxidase\": false, \"antibiotic_resistance_profile\": \"Ampicillin-resistant\"}','{}','{}','Public',4,47,'Ezekiel','',1),(516,'MCC-UPLB-MNH-NICER CAVES P4-TQ-PC-0-BAT-GUT-2-002','MCC-UPLB-MNH-50121',1,'','{\"class\": \"Gammaproteobacteria\", \"genus\": \"Enterobacter sp.\", \"domain\": \"Bacteria\", \"family\": \"Enterobacteriaceae\", \"phylum\": \"Pseudomonadota\", \"species\": \"Enterobacter hormaechei\"}','{\"cell_shape\": \"rod-shaped\", \"gram_stain\": false}','{\"growth\": true, \"medium\": \"Trypticase Soy Agar\", \"temp_range\": \"35-37 C\", \"culture_temp\": \"35\"}','{\"oxygen_tolerance\": \"Facultative anaerobic \", \"endospore_forming\": false, \"cytochrome_oxidase\": false, \"antibiotic_resistance_profile\": \"Ampicillin-resistant\"}','{}','{}','Public',4,47,'Ezekiel','',2),(517,'MCC-UPLB-MNH-NICER CAVES P4-TQ-PC-0-BAT-GUT-3-001','MCC-UPLB-MNH-50122',1,'','{\"class\": \"Gammaproteobacteria\", \"genus\": \"Enterobacter sp.\", \"domain\": \"Bacteria\", \"family\": \"Enterobacteriaceae\", \"phylum\": \"Pseudomonadota\", \"species\": \"Enterobacter sp.\"}','{\"cell_shape\": \"rod-shaped\", \"gram_stain\": false}','{\"growth\": true, \"medium\": \"Trypticase Soy Agar\", \"temp_range\": \"35-37 C\", \"culture_temp\": \"35\"}','{\"oxygen_tolerance\": \"Facultative anaerobic \", \"endospore_forming\": false, \"cytochrome_oxidase\": false, \"antibiotic_resistance_profile\": \"Ampicillin-resistant\"}','{}','{}','Public',4,48,'Ezekiel','',1),(518,'MCC-UPLB-MNH-NICER CAVES P4-TQ-PC-0-BAT-GUT-3-002','MCC-UPLB-MNH-50123',1,'','{\"class\": \"Gammaproteobacteria\", \"genus\": \"Klebsiella sp.\", \"domain\": \"Bacteria\", \"family\": \"Enterobacteriaceae\", \"phylum\": \"Pseudomonadota\", \"species\": \"Klebsiella oxytoca\"}','{\"cell_shape\": \"rod-shaped\", \"gram_stain\": false}','{\"growth\": true, \"medium\": \"Trypticase Soy Agar\", \"temp_range\": \"35-37 C\", \"culture_temp\": \"35\"}','{\"oxygen_tolerance\": \"Facultative anaerobic \", \"endospore_forming\": false, \"cytochrome_oxidase\": false, \"antibiotic_resistance_profile\": \"Ampicillin-resistant, Azithromycin-resistant\"}','{}','{}','Public',4,48,'Ezekiel','',2),(519,'MCC-UPLB-MNH-NICER CAVES P4-TQ-PC-0-BAT-GUT-3-003','MCC-UPLB-MNH-50124',1,'','{\"class\": \"Gammaproteobacteria\", \"genus\": \"Citrobacter sp.\", \"domain\": \"Bacteria\", \"family\": \"Enterobacteriaceae\", \"phylum\": \"Pseudomonadota\", \"species\": \"Citrobacter sp.\"}','{\"cell_shape\": \"rod-shaped\", \"gram_stain\": false}','{\"growth\": true, \"medium\": \"Trypticase Soy Agar\", \"temp_range\": \"35-37 C\", \"culture_temp\": \"35\"}','{\"oxygen_tolerance\": \"Facultative anaerobic \", \"endospore_forming\": false, \"cytochrome_oxidase\": false, \"antibiotic_resistance_profile\": \"Ampicillin-resistant, Azithromycin-resistant\"}','{}','{}','Public',4,48,'Ezekiel','',3),(520,'MCC-UPLB-MNH-NICER CAVES P4-TQ-PC-0-BAT-FECAL_PELLET-0-001','MCC-UPLB-MNH-50125',1,'','{\"class\": \"Gammaproteobacteria\", \"genus\": \"Klebsiella sp.\", \"domain\": \"Bacteria\", \"family\": \"Enterobacteriaceae\", \"phylum\": \"Pseudomonadota\", \"species\": \"Klebsiella variicola\"}','{\"cell_shape\": \"rod-shaped\", \"gram_stain\": false}','{\"growth\": true, \"medium\": \"Trypticase Soy Agar\", \"temp_range\": \"35-37 C\", \"culture_temp\": \"35\"}','{\"oxygen_tolerance\": \"Facultative anaerobic \", \"endospore_forming\": false, \"cytochrome_oxidase\": false, \"antibiotic_resistance_profile\": \"Ampicillin-resistant, Azithromycin-resistant\"}','{}','{}','Public',4,49,'Ezekiel','',1),(521,'MCC-UPLB-MNH-NICER CAVES P4-TQ-PC-0-BAT-FECAL_PELLET-0-002','MCC-UPLB-MNH-50126',1,'','{\"class\": \"Gammaproteobacteria\", \"genus\": \"Klebsiella sp.\", \"domain\": \"Bacteria\", \"family\": \"Enterobacteriaceae\", \"phylum\": \"Pseudomonadota\", \"species\": \"Klebsiella sp.\"}','{\"cell_shape\": \"rod-shaped\", \"gram_stain\": false}','{\"growth\": true, \"medium\": \"Trypticase Soy Agar\", \"temp_range\": \"35-37 C\", \"culture_temp\": \"35\"}','{\"oxygen_tolerance\": \"Facultative anaerobic \", \"endospore_forming\": false, \"cytochrome_oxidase\": false, \"antibiotic_resistance_profile\": \"Ampicillin-resistant, Azithromycin-resistant\"}','{}','{}','Public',4,49,'Ezekiel','',2),(522,'MCC-UPLB-MNH-NICER CAVES P4-TQ-PC-0-BAT-FECAL_PELLET-0-003','MCC-UPLB-MNH-50127',1,'','{\"class\": \"Gammaproteobacteria\", \"domain\": \"Bacteria\", \"family\": \"Enterobacteriaceae\", \"phylum\": \"Pseudomonadota\", \"species\": \"Enteric bacteria\"}','{\"cell_shape\": \"rod-shaped\", \"gram_stain\": false}','{\"growth\": true, \"medium\": \"Trypticase Soy Agar\", \"temp_range\": \"35-37 C\", \"culture_temp\": \"35\"}','{\"oxygen_tolerance\": \"Facultative anaerobic \", \"endospore_forming\": false, \"cytochrome_oxidase\": false, \"antibiotic_resistance_profile\": \"Ampicillin-resistant\"}','{}','{}','Public',4,49,'Ezekiel','',3),(523,'MCC-UPLB-MNH-NICER CAVES P4-TQ-PC-0-BAT-FECAL_PELLET-0-004','MCC-UPLB-MNH-50128',1,'','{\"class\": \"Gammaproteobacteria\", \"genus\": \"Shigella sp.\", \"domain\": \"Bacteria\", \"family\": \"Enterobacteriaceae\", \"phylum\": \"Pseudomonadota\", \"species\": \"Shigella sp.\"}','{\"cell_shape\": \"rod-shaped\", \"gram_stain\": false}','{\"growth\": true, \"medium\": \"Trypticase Soy Agar\", \"temp_range\": \"35-37 C\", \"culture_temp\": \"35\"}','{\"oxygen_tolerance\": \"Facultative anaerobic \", \"endospore_forming\": false, \"cytochrome_oxidase\": false, \"antibiotic_resistance_profile\": \"Ampicillin-resistant\"}','{}','{}','Public',4,49,'Ezekiel','',4),(524,'MCC-UPLB-MNH-NICER CAVES P4-TQ-PC-0-BAT-FECAL_PELLET-1-001','MCC-UPLB-MNH-50129',1,'','{\"class\": \"Gammaproteobacteria\", \"domain\": \"Bacteria\", \"family\": \"Enterobacteriaceae\", \"phylum\": \"Pseudomonadota\", \"species\": \"Enteric bacteria\"}','{\"cell_shape\": \"rod-shaped\", \"gram_stain\": false}','{\"growth\": true, \"medium\": \"Trypticase Soy Agar\", \"temp_range\": \"35-37 C\", \"culture_temp\": \"35\"}','{\"oxygen_tolerance\": \"Facultative anaerobic \", \"endospore_forming\": false, \"cytochrome_oxidase\": false, \"antibiotic_resistance_profile\": \"Ampicillin-resistant, Azithromycin-resistant\"}','{}','{}','Public',4,50,'Ezekiel','',1),(525,'MCC-UPLB-MNH-NICER CAVES P4-TQ-PC-0-BAT-FECAL_PELLET-1-002','MCC-UPLB-MNH-50130',1,'','{\"class\": \"Gammaproteobacteria\", \"domain\": \"Bacteria\", \"family\": \"Enterobacteriaceae\", \"phylum\": \"Pseudomonadota\", \"species\": \"Enteric bacteria\"}','{\"cell_shape\": \"rod-shaped\", \"gram_stain\": false}','{\"growth\": true, \"medium\": \"Trypticase Soy Agar\", \"temp_range\": \"35-37 C\", \"culture_temp\": \"35\"}','{\"oxygen_tolerance\": \"Facultative anaerobic \", \"endospore_forming\": false, \"cytochrome_oxidase\": false, \"antibiotic_resistance_profile\": \"Ampicillin-resistant, Azithromycin-resistant\"}','{}','{}','Public',4,50,'Ezekiel','',2),(526,'MCC-UPLB-MNH-NICER CAVES P4-TQ-PC-0-BAT-FECAL_PELLET-1-003','MCC-UPLB-MNH-50131',1,'','{\"class\": \"Gammaproteobacteria\", \"domain\": \"Bacteria\", \"family\": \"Enterobacteriaceae\", \"phylum\": \"Pseudomonadota\", \"species\": \"Enteric bacteria\"}','{\"cell_shape\": \"rod-shaped\", \"gram_stain\": false}','{\"growth\": true, \"medium\": \"Trypticase Soy Agar\", \"temp_range\": \"35-37 C\", \"culture_temp\": \"35\"}','{\"oxygen_tolerance\": \"Facultative anaerobic \", \"endospore_forming\": false, \"cytochrome_oxidase\": false, \"antibiotic_resistance_profile\": \"Ampicillin-resistnat\"}','{}','{}','Public',4,50,'Ezekiel','',3),(527,'MCC-UPLB-MNH-NICER CAVES P4-TQ-PC-0-BAT-FECAL_PELLET-1-004','MCC-UPLB-MNH-50132',1,'','{\"class\": \"Gammaproteobacteria\", \"genus\": \"Kluyvera sp.\", \"domain\": \"Bacteria\", \"family\": \"Enterobacteriaceae\", \"phylum\": \"Pseudomonadota\", \"species\": \"Kluyvera ascorbata\"}','{\"cell_shape\": \"rod-shaped\", \"gram_stain\": false}','{\"growth\": true, \"medium\": \"Trypticase Soy Agar\", \"temp_range\": \"35-37 C\", \"culture_temp\": \"35\"}','{\"oxygen_tolerance\": \"Facultative anaerobic \", \"endospore_forming\": false, \"cytochrome_oxidase\": false, \"antibiotic_resistance_profile\": \"Ampicillin-resistant, Azithromycin-resistant\"}','{}','{}','Public',4,50,'Ezekiel','',4),(528,'MCC-UPLB-MNH-NICER CAVES P4-TQ-PC-0-BAT-FECAL_PELLET-2-001','MCC-UPLB-MNH-50133',1,'','{\"class\": \"Gammaproteobacteria\", \"genus\": \"Klebsiella sp.\", \"domain\": \"Bacteria\", \"family\": \"Enterobacteriaceae\", \"phylum\": \"Pseudomonadota\", \"species\": \"Klebsiella sp.\"}','{\"cell_shape\": \"rod-shaped\", \"gram_stain\": false}','{\"growth\": true, \"medium\": \"Trypticase Soy Agar\", \"temp_range\": \"35-37 C\", \"culture_temp\": \"35\"}','{\"oxygen_tolerance\": \"Facultative anaerobic \", \"endospore_forming\": false, \"cytochrome_oxidase\": false, \"antibiotic_resistance_profile\": \"Ampicillin-resistant, Azithromycin-resistant\"}','{}','{}','Public',4,51,'Ezekiel','',1),(529,'MCC-UPLB-MNH-NICER CAVES P4-TQ-PC-0-BAT-FECAL_PELLET-2-002','MCC-UPLB-MNH-50134',1,'','{\"class\": \"Gammaproteobacteria\", \"domain\": \"Bacteria\", \"family\": \"Enterobacteriaceae\", \"phylum\": \"Pseudomonadota\", \"species\": \"Enteric bacteria\"}','{\"cell_shape\": \"rod-shaped\", \"gram_stain\": false}','{\"growth\": true, \"medium\": \"Trypticase Soy Agar\", \"temp_range\": \"35-37 C\", \"culture_temp\": \"35\"}','{\"oxygen_tolerance\": \"Facultative anaerobic \", \"endospore_forming\": false, \"cytochrome_oxidase\": false, \"antibiotic_resistance_profile\": \"Ampicillin-resistant, Azithromycin-resistant\"}','{}','{}','Public',4,51,'Ezekiel','',2),(530,'MCC-UPLB-MNH-NICER CAVES P4-TQ-PC-0-BAT-FECAL_PELLET-3-001','MCC-UPLB-MNH-50135',1,'','{\"class\": \"Gammaproteobacteria\", \"genus\": \"Klebsiella sp.\", \"domain\": \"Bacteria\", \"family\": \"Enterobacteriaceae\", \"phylum\": \"Pseudomonadota\", \"species\": \"Klebsiella oxytoca\"}','{\"cell_shape\": \"rod-shaped\", \"gram_stain\": false}','{\"growth\": true, \"medium\": \"Trypticase Soy Agar\", \"temp_range\": \"35-37 C\", \"culture_temp\": \"35\"}','{\"oxygen_tolerance\": \"Facultative anaerobic \", \"endospore_forming\": false, \"cytochrome_oxidase\": false, \"antibiotic_resistance_profile\": \"Ampicillin-resistant\"}','{}','{}','Public',4,52,'Ezekiel','',1),(531,'MCC-UPLB-MNH-NICER CAVES P4-TQ-PC-0-BAT-FECAL_PELLET-3-002','MCC-UPLB-MNH-50136',1,'','{\"class\": \"Gammaproteobacteria\", \"genus\": \"Serratia sp.\", \"domain\": \"Bacteria\", \"family\": \"Enterobacteriaceae\", \"phylum\": \"Pseudomonadota\", \"species\": \"Serratia marcescens\"}','{\"cell_shape\": \"rod-shaped\", \"gram_stain\": false}','{\"growth\": true, \"medium\": \"Trypticase Soy Agar\", \"temp_range\": \"35-37 C\", \"culture_temp\": \"35\"}','{\"oxygen_tolerance\": \"Facultative anaerobic \", \"endospore_forming\": false, \"cytochrome_oxidase\": false, \"antibiotic_resistance_profile\": \"Ampicillin-resistant, Azithromycin-resistant\"}','{}','{}','Public',4,52,'Ezekiel','',2),(532,'MCC-UPLB-MNH-NICER CAVES P4-TQ-PC-0-BAT-FECAL_PELLET-3-003','MCC-UPLB-MNH-50137',1,'','{\"class\": \"Gammaproteobacteria\", \"genus\": \"Serratia sp.\", \"domain\": \"Bacteria\", \"family\": \"Enterobacteriaceae\", \"phylum\": \"Pseudomonadota\", \"species\": \"Serratia marcescens\"}','{\"cell_shape\": \"rod-shaped\", \"gram_stain\": false}','{\"growth\": true, \"medium\": \"Trypticase Soy Agar\", \"temp_range\": \"35-37 C\", \"culture_temp\": \"35\"}','{\"oxygen_tolerance\": \"Facultative anaerobic \", \"endospore_forming\": false, \"cytochrome_oxidase\": false, \"antibiotic_resistance_profile\": \"Ampicillin-resistant, Azithromycin-resistant\"}','{}','{}','Public',4,52,'Ezekiel','',3),(533,'MCC-UPLB-MNH-NICER CAVES P4-TQ-PC-0-BAT-FECAL_PELLET-3-004','MCC-UPLB-MNH-50138',1,'','{\"class\": \"Gammaproteobacteria\", \"domain\": \"Bacteria\", \"family\": \"Enterobacteriaceae\", \"phylum\": \"Pseudomonadota\", \"species\": \"Enteric bacteria\"}','{\"cell_shape\": \"rod-shaped\", \"gram_stain\": false}','{\"growth\": true, \"medium\": \"Trypticase Soy Agar\", \"temp_range\": \"35-37 C\", \"culture_temp\": \"35\"}','{\"oxygen_tolerance\": \"Facultative anaerobic \", \"endospore_forming\": false, \"cytochrome_oxidase\": false, \"antibiotic_resistance_profile\": \"Ampicillin-resistant\"}','{}','{}','Public',4,52,'Ezekiel','',4),(534,'MCC-UPLB-MNH-NICER CAVES P4-TQ-PC-0-BAT-GUT-0-001','MCC-UPLB-MNH-50139',1,'','{\"class\": \"Gammaproteobacteria\", \"domain\": \"Bacteria\", \"family\": \"Enterobacteriaceae\", \"phylum\": \"Pseudomonadota\", \"species\": \"Enteric Bacteria\"}','{\"cell_shape\": \"rod-shaped\", \"gram_stain\": false}','{\"growth\": true, \"medium\": \"Trypticase Soy Agar\", \"temp_range\": \"35-37 C\", \"culture_temp\": \"35\"}','{\"oxygen_tolerance\": \"Facultative anaerobic \", \"endospore_forming\": false, \"cytochrome_oxidase\": false, \"antibiotic_resistance_profile\": \"Ampicillin-resistant\"}','{}','{}','Public',4,45,'Ezekiel','',1),(535,'MCC-UPLB-MNH-NICER CAVES P4-TQ-PC-0-BAT-GUT-0-002','MCC-UPLB-MNH-50140',1,'','{\"class\": \"Gammaproteobacteria\", \"genus\": \"Enterobacter sp.\", \"domain\": \"Bacteria\", \"family\": \"Enterobacteriaceae\", \"phylum\": \"Pseudomonadota\", \"species\": \"Enterobacter ludwigii\"}','{\"cell_shape\": \"rod-shaped\", \"gram_stain\": false}','{\"growth\": true, \"medium\": \"Trypticase Soy Agar\", \"temp_range\": \"35-37 C\", \"culture_temp\": \"35\"}','{\"oxygen_tolerance\": \"Facultative anaerobic \", \"endospore_forming\": false, \"cytochrome_oxidase\": false, \"antibiotic_resistance_profile\": \"Ampicillin-resistant\"}','{}','{}','Public',4,45,'Ezekiel','',2),(537,'MCC-UPLB-MNH-NICER CAVES P4-TQ-PC-0-BAT-GUT-0-004','MCC-UPLB-MNH-50142',1,'','{\"class\": \"Gammaproteobacteria\", \"genus\": \"Klebsiella sp.\", \"domain\": \"Bacteria\", \"family\": \"Enterobacteriaceae\", \"phylum\": \"Pseudomonadota\", \"species\": \"Klebsiella pneumoniae\"}','{\"cell_shape\": \"rod-shaped\", \"gram_stain\": false}','{\"growth\": true, \"medium\": \"Trypticase Soy Agar\", \"temp_range\": \"35-37 C\", \"culture_temp\": \"35\"}','{\"oxygen_tolerance\": \"Facultative anaerobic \", \"endospore_forming\": false, \"cytochrome_oxidase\": false, \"antibiotic_resistance_profile\": \"Ampicillin-resistant\"}','{}','{}','Public',4,45,'Ezekiel','',4),(538,'MCC-UPLB-MNH-NICER CAVES P4-TQ-PC-0-BAT-GUT-1-004','MCC-UPLB-MNH-50143',1,'','{\"class\": \"Gammaproteobacteria\", \"domain\": \"Bacteria\", \"family\": \"Enterobacteriaceae\", \"phylum\": \"Pseudomonadota\", \"species\": \"Enteric Bacteria\"}','{\"cell_shape\": \"rod-shaped\", \"gram_stain\": false}','{\"growth\": true, \"medium\": \"Trypticase Soy Agar\", \"temp_range\": \"35-37 C\", \"culture_temp\": \"35\"}','{\"oxygen_tolerance\": \"Facultative anaerobic \", \"endospore_forming\": false, \"cytochrome_oxidase\": false, \"antibiotic_resistance_profile\": \"Ampicillin-resistant\"}','{}','{}','Public',4,46,'Ezekiel','',4),(539,'MCC-UPLB-MNH-NICER CAVES P4-TQ-PC-0-BAT-GUT-0-005','MCC-UPLB-MNH-50144',1,'','{\"class\": \"Gammaproteobacteria\", \"genus\": \"Enterobacter sp.\", \"domain\": \"Bacteria\", \"family\": \"Enterobacteriaceae\", \"phylum\": \"Pseudomonadota\", \"species\": \"Enterobacter sp.\"}','{\"cell_shape\": \"rod-shaped\", \"gram_stain\": false}','{\"growth\": true, \"medium\": \"Trypticase Soy Agar\", \"temp_range\": \"35-37 C\", \"culture_temp\": \"35\"}','{\"oxygen_tolerance\": \"Facultative anaerobic \", \"endospore_forming\": false, \"cytochrome_oxidase\": false, \"antibiotic_resistance_profile\": \"Ampicillin-resistant\"}','{}','{}','Public',4,45,'Ezekiel','',5),(540,'MCC-UPLB MNH-NICER CAVES P4-PC-TQ-0-BAT-GUANO-0-005','MCC-UPLB MNH-50143',1,'','{\"class\": \"\", \"genus\": \"\", \"order\": \"\", \"domain\": \"\", \"family\": \"Streptomycetaceae\", \"phylum\": \"\", \"species\": \"\"}','{\"cell_shape\": \"rod-shaped\", \"gram_stain\": true}','{\"growth\": true, \"medium\": \"AIA\", \"temp_range\": \"\", \"culture_temp\": \"\", \"medium_composition\": \"\"}','{}','{}','{}','Researchers Only',8,23,'Thea','',5),(541,'MCC-UPLB MNH-NICER CAVES P4-PC-TQ-0-BAT-GUANO-0-006','MCC-UPLB MNH-50144',1,'','{\"class\": \"\", \"genus\": \"\", \"order\": \"\", \"domain\": \"\", \"family\": \"Actinomycetaceae\", \"phylum\": \"\", \"species\": \"\"}','{\"cell_shape\": \"rod-shaped\", \"gram_stain\": true}','{\"growth\": true, \"medium\": \"AIA\", \"temp_range\": \"\", \"culture_temp\": \"\", \"medium_composition\": \"\"}','{}','{}','{}','Researchers Only',8,23,'Thea','',6),(542,'MCC-UPLB MNH-NICER CAVES P4-PC-TQ-0-BAT-GUANO-0-007','MCC-UPLB MNH-50145',1,'','{\"class\": \"\", \"genus\": \"\", \"order\": \"\", \"domain\": \"\", \"family\": \"Actinomycetaceae\", \"phylum\": \"\", \"species\": \"\"}','{\"cell_shape\": \"rod-shaped\", \"gram_stain\": true}','{\"growth\": true, \"medium\": \"AIA\", \"temp_range\": \"\", \"culture_temp\": \"\", \"medium_composition\": \"\"}','{}','{}','{}','Researchers Only',8,23,'Thea','',7),(543,'MCC-UPLB MNH-NICER CAVES P4-PC-TQ-0-BAT-GUANO-0-008','MCC-UPLB MNH-50146',1,'','{}','{\"cell_shape\": \"rod-shaped\", \"gram_stain\": true}','{\"growth\": true, \"medium\": \"AIA\", \"temp_range\": \"\", \"culture_temp\": \"\", \"medium_composition\": \"\"}','{}','{}','{}','Researchers Only',8,23,'Thea','',8),(544,'MCC-UPLB MNH-NICER CAVES P4-PC-TQ-0-BAT-GUANO-0-009','MCC-UPLB MNH-50147',1,'','{}','{\"cell_shape\": \"coccus-shaped\", \"gram_stain\": true}','{\"growth\": true, \"medium\": \"AIA\", \"temp_range\": \"\", \"culture_temp\": \"\", \"medium_composition\": \"\"}','{}','{}','{}','Researchers Only',8,23,'Thea','',9),(545,'MCC-UPLB MNH-NICER CAVES P4-PC-TQ-0-BAT-GUANO-0-010','MCC-UPLB MNH-50148',1,'','{}','{\"cell_shape\": \"rod-shaped\", \"gram_stain\": true}','{\"growth\": true, \"medium\": \"AIA\", \"temp_range\": \"\", \"culture_temp\": \"\", \"medium_composition\": \"\"}','{}','{}','{}','Researchers Only',8,23,'Thea','',10),(546,'MCC-UPLB MNH-NICER CAVES P4-PC-TQ-0-BAT-GUANO-0-011','MCC-UPLB MNH-50149',1,'','{\"class\": \"\", \"genus\": \"\", \"order\": \"\", \"domain\": \"\", \"family\": \"Actinomycetaceae\", \"phylum\": \"\", \"species\": \"\"}','{\"cell_shape\": \"rod-shaped\", \"gram_stain\": true}','{\"growth\": true, \"medium\": \"AIA\", \"temp_range\": \"\", \"culture_temp\": \"\", \"medium_composition\": \"\"}','{}','{}','{}','Researchers Only',8,23,'Thea','',11),(547,'MCC-UPLB MNH-NICER CAVES P4-PC-TQ-0-BAT-GUANO-0-012','MCC-UPLB MNH-50150',1,'','{\"class\": \"\", \"genus\": \"\", \"order\": \"\", \"domain\": \"\", \"family\": \"Actinomycetaceae\", \"phylum\": \"\", \"species\": \"\"}','{\"cell_shape\": \"rod-shaped\", \"gram_stain\": true}','{\"growth\": true, \"medium\": \"AIA\", \"temp_range\": \"\", \"culture_temp\": \"\", \"medium_composition\": \"\"}','{}','{}','{}','Researchers Only',8,23,'Thea','',12),(548,'MCC-UPLB MNH-NICER CAVES P4-PC-TQ-0-BAT-GUANO-0-013','MCC-UPLB MNH-50151',1,'','{\"class\": \"\", \"genus\": \"\", \"order\": \"\", \"domain\": \"\", \"family\": \"Streptomycetaceae\", \"phylum\": \"\", \"species\": \"\"}','{\"cell_shape\": \"rod-shaped\", \"gram_stain\": true}','{\"growth\": true, \"medium\": \"AIA\", \"temp_range\": \"\", \"culture_temp\": \"\", \"medium_composition\": \"\"}','{}','{}','{}','Researchers Only',8,23,'Thea','',13),(549,'MCC-UPLB MNH-NICER CAVES P4-PC-TQ-0-BAT-GUANO-0-014','MCC-UPLB MNH-50152',1,'','{}','{\"cell_shape\": \"rod-shaped\", \"gram_stain\": true}','{\"growth\": true, \"medium\": \"AIA\", \"temp_range\": \"\", \"culture_temp\": \"\", \"medium_composition\": \"\"}','{}','{}','{}','Researchers Only',8,23,'Thea','',14),(550,'MCC-UPLB MNH-NICER CAVES P4-PC-TQ-0-BAT-GUANO-0-015','MCC-UPLB MNH-50153',1,'','{\"class\": \"\", \"genus\": \"\", \"order\": \"\", \"domain\": \"\", \"family\": \"Actinomycetaceae\", \"phylum\": \"\", \"species\": \"\"}','{\"cell_shape\": \"rod-shaped\", \"gram_stain\": true}','{\"growth\": true, \"medium\": \"AIA\", \"temp_range\": \"\", \"culture_temp\": \"\", \"medium_composition\": \"\"}','{}','{}','{}','Researchers Only',8,23,'Thea','',15),(551,'MCC-UPLB MNH-NICER CAVES P4-PC-TQ-0-BAT-GUANO-0-016','MCC-UPLB MNH-50154',1,'','{\"class\": \"\", \"genus\": \"\", \"order\": \"\", \"domain\": \"\", \"family\": \"Streptomycetaceae\", \"phylum\": \"\", \"species\": \"\"}','{\"cell_shape\": \"rod-shaped\", \"gram_stain\": true}','{\"growth\": true, \"medium\": \"AIA\", \"temp_range\": \"\", \"culture_temp\": \"\", \"medium_composition\": \"\"}','{}','{}','{}','Researchers Only',8,23,'Thea','',16),(553,'MCC-UPLB MNH-(NICER CAVES P4)-TQ-PCTQ-4-BAT-GUANO-0-002','MCC-UPLB MNH-70156',3,'','{\"class\": \"\", \"genus\": \"Trichoderma\", \"order\": \"\", \"domain\": \"\", \"family\": \"\", \"phylum\": \"\", \"species\": \"Trichoderma asperellum\"}','{}','{\"growth\": true, \"medium\": \"Potato Dextrose Agar\", \"temp_range\": \"\", \"culture_temp\": \"\", \"medium_composition\": \"\"}','{}','{}','{}','Public',14,53,'Mark Kevin','',2),(554,'MCC-UPLB MNH-(NICER CAVES P4)-TQ-PCTQ-4-BAT-GUANO-0-003','MCC-UPLB MNH-70157',3,'','{\"class\": \"\", \"genus\": \"Aspergillus\", \"order\": \"\", \"domain\": \"\", \"family\": \"\", \"phylum\": \"\", \"species\": \"Aspergillus tamarii\"}','{}','{\"growth\": true, \"medium\": \"Potato Dextrose Agar\", \"temp_range\": \"\", \"culture_temp\": \"\", \"medium_composition\": \"\"}','{}','{}','{}','Public',14,53,'Mark Kevin','',3),(556,'MCC-UPLB MNH-(NICER CAVES P4)-TQ-PCTQ-4-BAT-GUANO-0-004','MCC-UPLB MNH-70158',3,'','{\"class\": \"\", \"genus\": \"Talaromyces\", \"order\": \"\", \"domain\": \"\", \"family\": \"\", \"phylum\": \"\", \"species\": \"Talaromyces malicola\"}','{}','{\"growth\": true, \"medium\": \"PDA\", \"temp_range\": \"\", \"culture_temp\": \"\", \"medium_composition\": \"\"}','{}','{}','{}','Public',14,53,'Mark Kevin','',4),(557,'MCC-UPLB MNH-(NICER CAVES P4)-TQ-PCTQ-4-BAT-GUANO-0-005','MCC-UPLB MNH-70159',3,'','{\"class\": \"\", \"genus\": \"Talaromyces\", \"order\": \"\", \"domain\": \"\", \"family\": \"\", \"phylum\": \"\", \"species\": \"Talaromyces malicola\"}','{}','{\"growth\": true, \"medium\": \"PDA\", \"temp_range\": \"\", \"culture_temp\": \"\", \"medium_composition\": \"\"}','{}','{}','{}','Public',14,53,'Mark Kevin','',5),(558,'MCC-UPLB MNH-(NICER CAVES P4)-TQ-PCTQ-4-BAT-GUANO-0-006','MCC-UPLB MNH-70160',3,'','{\"class\": \"\", \"genus\": \"Mortierella \", \"order\": \"\", \"domain\": \"\", \"family\": \"\", \"phylum\": \"\", \"species\": \"Mortierella ambigua\"}','{}','{\"growth\": true, \"medium\": \"PDA\", \"temp_range\": \"\", \"culture_temp\": \"\", \"medium_composition\": \"\"}','{}','{}','{}','Public',14,53,'Mark Kevin','',6),(559,'MCC-UPLB MNH-(NICER CAVES P4)-TQ-PCTQ-4-BAT-GUANO-0-006','MCC-UPLB MNH-70160',3,'','{\"class\": \"\", \"genus\": \"Mortierella \", \"order\": \"\", \"domain\": \"\", \"family\": \"\", \"phylum\": \"\", \"species\": \"Mortierella ambigua\"}','{}','{\"growth\": true, \"medium\": \"PDA\", \"temp_range\": \"\", \"culture_temp\": \"\", \"medium_composition\": \"\"}','{}','{}','{}','Public',14,53,'Mark Kevin','',6);
/*!40000 ALTER TABLE `source_isolate` ENABLE KEYS */;
UNLOCK TABLES;

--
-- Table structure for table `source_source`
--

DROP TABLE IF EXISTS `source_source`;
/*!40101 SET @saved_cs_client     = @@character_set_client */;
/*!50503 SET character_set_client = utf8mb4 */;
CREATE TABLE `source_source` (
  `id` bigint NOT NULL AUTO_INCREMENT,
  `collection` varchar(25) NOT NULL,
  `institution` varchar(25) NOT NULL,
  `host_type` varchar(25) NOT NULL,
  `host_species` varchar(50) NOT NULL,
  `sample_type` varchar(25) NOT NULL,
  `project_name` varchar(512) NOT NULL,
  `project_abbr` varchar(25) NOT NULL,
  `loc_location` varchar(50) NOT NULL,
  `loc_abbr` varchar(25) NOT NULL,
  `loc_sampling_site` varchar(50) NOT NULL,
  `loc_site_abbr` varchar(25) NOT NULL,
  `loc_sampling_point` int NOT NULL,
  `human_readable_id` varchar(150) NOT NULL,
  `raw_human_readable_id` varchar(150) NOT NULL,
  `author` varchar(150) NOT NULL,
  `author_id_id` bigint NOT NULL,
  `collection_name` varchar(512) NOT NULL,
  `institution_name` varchar(512) NOT NULL,
  PRIMARY KEY (`id`),
  KEY `source_source_author_id_id_2eef6af2_fk_user_account_id` (`author_id_id`),
  CONSTRAINT `source_source_author_id_id_2eef6af2_fk_user_account_id` FOREIGN KEY (`author_id_id`) REFERENCES `user_account` (`id`)
) ENGINE=InnoDB AUTO_INCREMENT=55 DEFAULT CHARSET=utf8mb4 COLLATE=utf8mb4_0900_ai_ci;
/*!40101 SET character_set_client = @saved_cs_client */;

--
-- Dumping data for table `source_source`
--

LOCK TABLES `source_source` WRITE;
/*!40000 ALTER TABLE `source_source` DISABLE KEYS */;
INSERT INTO `source_source` VALUES (9,'MCC','UPLB MNH','BAT','Rhinolophus arcuatus','FECAL_PELLET','Niche Centers in the Regions for Research and Development Center for Cave Ecosystems Research Project 4','NICER CAVES P4','Cavinti Laguna','CL','Cavinti Underground River and Cave Complex','CURCC',0,'MCC-UPLB MNH-NICER CAVES P4-CL-CURCC-0-BAT-FECAL_PELLET-0','MCC-UPLB MNH-NICER CAVES P4-CL-CURCC-0-BAT-FECAL_PELLET','Lou Gene Sibal',2,'Microbial Culture Collection','University of the Philippines Los Baos Museum of Natural History'),(10,'MCC','UPLB MNH','BAT','Ptenochirus jagori','FECAL_PELLET','Niche Centers in the Regions for Research and Development Center for Cave Ecosystems Research Project 4','NICER CAVES P4','Cavinti Laguna','CL','Cavinti Underground River and Cave Complex','CURCC',0,'MCC-UPLB MNH-NICER CAVES P4-CL-CURCC-0-BAT-FECAL_PELLET-1','MCC-UPLB MNH-NICER CAVES P4-CL-CURCC-0-BAT-FECAL_PELLET','Lou Gene Sibal',2,'Microbial Culture Collection','University of the Philippines Los Baos Museum of Natural History'),(12,'MCC','UPLB MNH','BAT','Eonycteris spelaea','FECAL_PELLET','Niche Centers in the Regions for Research and Development Center for Cave Ecosystems Research Project 4','NICER CAVES P4','Cavinti Laguna','CL','Cavinti Underground River and Cave Complex','CURCC',0,'MCC-UPLB MNH-NICER CAVES P4-CL-CURCC-0-BAT-FECAL_PELLET-2','MCC-UPLB MNH-NICER CAVES P4-CL-CURCC-0-BAT-FECAL_PELLET','Lou Gene Sibal',2,'Microbial Culture Collection','University of the Philippines Los Baos Museum of Natural History'),(13,'MCC','UPLB MNH','BAT','Cynopterus brachyotis','FECAL_PELLET','Niche Centers in the Regions for Research and Development Center for Cave Ecosystems Research Project 4','NICER CAVES P4','Cavinti Laguna','CL','Cavinti Underground River and Cave Complex','CURCC',0,'MCC-UPLB MNH-NICER CAVES P4-CL-CURCC-0-BAT-FECAL_PELLET-3','MCC-UPLB MNH-NICER CAVES P4-CL-CURCC-0-BAT-FECAL_PELLET','Lou Gene Sibal',2,'Microbial Culture Collection','University of the Philippines Los Baos Museum of Natural History'),(14,'MCC','UPLB MNH','BAT','Rousettus amplexicaudatus','FECAL_PELLET','Niche Centers in the Regions for Research and Development Center for Cave Ecosystems Research Project 4','NICER CAVES P4','Cavinti Laguna','CL','Cavinti Underground River and Cave Complex','CURCC',0,'MCC-UPLB MNH-NICER CAVES P4-CL-CURCC-0-BAT-FECAL_PELLET-4','MCC-UPLB MNH-NICER CAVES P4-CL-CURCC-0-BAT-FECAL_PELLET','Lou Gene Sibal',2,'Microbial Culture Collection','University of the Philippines Los Baos Museum of Natural History'),(15,'MCC','UPLB MNH','BAT','Hipposideros pygmaeus','FECAL_PELLET','Niche Centers in the Regions for Research and Development Center for Cave Ecosystems Research Project 4','NICER CAVES P4','Cavinti Laguna','CL','Cavinti Underground River and Cave Complex','CURCC',0,'MCC-UPLB MNH-NICER CAVES P4-CL-CURCC-0-BAT-FECAL_PELLET-5','MCC-UPLB MNH-NICER CAVES P4-CL-CURCC-0-BAT-FECAL_PELLET','Lou Gene Sibal',2,'Microbial Culture Collection','University of the Philippines Los Baos Museum of Natural History'),(16,'MCC','UPLB MNH','BAT','Hipposideros lekaguli','FECAL_PELLET','Niche Centers in the Regions for Research and Development Center for Cave Ecosystems Research Project 4','NICER CAVES P4','Cavinti Laguna','CL','Cavinti Underground River and Cave Complex','CURCC',0,'MCC-UPLB MNH-NICER CAVES P4-CL-CURCC-0-BAT-FECAL_PELLET-6','MCC-UPLB MNH-NICER CAVES P4-CL-CURCC-0-BAT-FECAL_PELLET','Lou Gene Sibal',2,'Microbial Culture Collection','University of the Philippines Los Baos Museum of Natural History'),(17,'MCC','UPLB MNH','BAT','Rhinolophus rufus','FECAL_PELLET','Niche Centers in the Regions for Research and Development Center for Cave Ecosystems Research Project 4','NICER CAVES P4','Cavinti Laguna','CL','Cavinti Underground River and Cave Complex','CURCC',0,'MCC-UPLB MNH-NICER CAVES P4-CL-CURCC-0-BAT-FECAL_PELLET-7','MCC-UPLB MNH-NICER CAVES P4-CL-CURCC-0-BAT-FECAL_PELLET','Lou Gene Sibal',2,'Microbial Culture Collection','University of the Philippines Los Baos Museum of Natural History'),(21,'MCC','MNH','BAT','Ptenochirus Jagori','GUANO','NICER CAVES','CAV','Cavinti, Laguna','CL','Cavinti Underground River and Caves Complex','CURCC',1,'MCC-MNH-CAV-CL-CURCC-1-BAT-GUANO-0','MCC-MNH-CAV-CL-CURCC-1-BAT-GUANO','admin',1,'Microbial Culture Collection','UPLB Museum of Natural History'),(23,'MCC','UPLB MNH','BAT','','GUANO','NICER CAVES Project 4','NICER CAVES P4','Palale Cave','PC','Tayabas, Quezon','TQ',0,'MCC-UPLB MNH-NICER CAVES P4-PC-TQ-0-BAT-GUANO-0','MCC-UPLB MNH-NICER CAVES P4-PC-TQ-0-BAT-GUANO','Thea',8,'Microbial Culture Collection','UPLB Museum of Natural History'),(25,'MCC','UPLB MNH','BAT','','GUANO','Niche Centers in the Regions for Research and Development Center for Cave Ecosystems Research Project 4','NICER CAVES P4','Tayabas, Quezon','TQ','Palale Cave','PCTQ',4,'MCC-UPLB MNH-NICER CAVES P4-TQ-PCTQ-4-BAT-GUANO-0','MCC-UPLB MNH-NICER CAVES P4-TQ-PCTQ-4-BAT-GUANO','Ira',5,'Microbial Culture Collection','University of the Philippines Los Baos Museum of Natural History'),(28,'MCC','UPLB MNH','BAT','Ptenochirus jagori','RINSE','Niche Centers in the Regions for Research and Development Center for Cave Ecosystems Research Project 4','NICER CAVES P4','Tayabas, Quezon','TC','Palale Cave, Tayabas, Quezon','PCTQ',1,'MCC-UPLB MNH-NICER CAVES P4-TC-PCTQ-1-BAT-RINSE-0','MCC-UPLB MNH-NICER CAVES P4-TC-PCTQ-1-BAT-RINSE','Cedie',3,'Microbial Culture Collection','University of the Philippines Los Baos Museum of Natural History'),(29,'MCC','UPLB MNH','BAT','Cynopterus brachyotis','RINSE','Niche Centers in the Regions for Research and Development Center for Cave Ecosystems Research Project 4','NICER CAVES P4','Tayabas, Quezon','TC','Palale Cave, Tayabas, Quezon','PCTQ',1,'MCC-UPLB MNH-NICER CAVES P4-TC-PCTQ-1-BAT-RINSE-1','MCC-UPLB MNH-NICER CAVES P4-TC-PCTQ-1-BAT-RINSE','Cedie',3,'Microbial Culture Collection','University of the Philippines Los Baos Museum of Natural History'),(31,'MCC','UPLB MNH','BAT','Macroglossus minimus','RINSE','Niche Centers in the Regions for Research and Development Center for Cave Ecosystems Research Project 4','NICER CAVES P4','Tayabas, Quezon','TC','Palale Cave, Tayabas, Quezon','PCTQ',1,'MCC-UPLB MNH-NICER CAVES P4-TC-PCTQ-1-BAT-RINSE-2','MCC-UPLB MNH-NICER CAVES P4-TC-PCTQ-1-BAT-RINSE','Cedie',3,'Microbial Culture Collection','University of the Philippines Los Baos Museum of Natural History'),(32,'MCC','UPLB-MNH','BAT','','GUANO','Niche Centers in the Regions for Research and Development Center for Cave Ecosystems Reseacrh Project 4','NICER CAVES P4','Tayabas, Quezon','TQ','Palale Cave, Tayabas, Quezon','PCTQ',1,'MCC-UPLB-MNH-NICER CAVES P4-TQ-PCTQ-1-BAT-GUANO-0','MCC-UPLB-MNH-NICER CAVES P4-TQ-PCTQ-1-BAT-GUANO','Nicette',7,'Microbial Culture Collection','UPLB Museum of Natural History'),(33,'MCC','UPLB MNH','BAT','Rousettus amplexicaudatus','RINSE','Niche Centers in the Regions for Research and Development Center for Cave Ecosystems Research Project 4','NICER CAVES P4','Tayabas, Quezon','TC','Palale Cave, Tayabas, Quezon','PCTQ',1,'MCC-UPLB MNH-NICER CAVES P4-TC-PCTQ-1-BAT-RINSE-3','MCC-UPLB MNH-NICER CAVES P4-TC-PCTQ-1-BAT-RINSE','Cedie',3,'Microbial Culture Collection','University of the Philippines Los Baos Museum of Natural History'),(34,'MCC','UPLB MNH','BAT','Miniopterus australis','RINSE','Niche Centers in the Regions for Research and Development Center for Cave Ecosystems Research Project 4','NICER CAVES P4','Tayabas, Quezon','TC','Palale Cave, Tayabas, Quezon','PCTQ',1,'MCC-UPLB MNH-NICER CAVES P4-TC-PCTQ-1-BAT-RINSE-4','MCC-UPLB MNH-NICER CAVES P4-TC-PCTQ-1-BAT-RINSE','Cedie',3,'Microbial Culture Collection','University of the Philippines Los Baos Museum of Natural History'),(35,'MCC','UPLB-MNH','BAT','Ptenochirus jagori','FECAL_PELLET','NICER CAVES Project 4','NICER CAVES P4','Palale Cave','PC','Tayabas, Quezon','TQ',0,'MCC-UPLB-MNH-NICER CAVES P4-PC-TQ-0-BAT-FECAL_PELLET-0','MCC-UPLB-MNH-NICER CAVES P4-PC-TQ-0-BAT-FECAL_PELLET','Ezekiel',4,'Microbial Culture Collection','University of the Philippines Los Banos - Museum of Natural History'),(36,'MCC','UPLB MNH','BAT','Rhinolophus arcuatus','RINSE','Niche Centers in the Regions for Research and Development Center for Cave Ecosystems Research Project 4','NICER CAVES P4','Tayabas, Quezon','TC','Palale Cave, Tayabas, Quezon','PCTQ',1,'MCC-UPLB MNH-NICER CAVES P4-TC-PCTQ-1-BAT-RINSE-5','MCC-UPLB MNH-NICER CAVES P4-TC-PCTQ-1-BAT-RINSE','Cedie',3,'Microbial Culture Collection','University of the Philippines Los Baos Museum of Natural History'),(37,'MCC','UPLB-MNH','BAT','Cynopterus brachyotis','FECAL_PELLET','NICER CAVES Project 4','NICER CAVES P4','Palale Cave','PC','Tayabas, Quezon','TQ',0,'MCC-UPLB-MNH-NICER CAVES P4-PC-TQ-0-BAT-FECAL_PELLET-1','MCC-UPLB-MNH-NICER CAVES P4-PC-TQ-0-BAT-FECAL_PELLET','Ezekiel',4,'Microbial Culture Collection','University of the Philippines Los Banos - Museum of Natural History'),(38,'MCC','UPLB-MNH','BAT','Cynopterus brachyotis','FECAL_PELLET','NICER CAVES Project 4','NICER CAVES P4','Palale Cave','PC','Tayabas, Quezon','TQ',0,'MCC-UPLB-MNH-NICER CAVES P4-PC-TQ-0-BAT-FECAL_PELLET-2','MCC-UPLB-MNH-NICER CAVES P4-PC-TQ-0-BAT-FECAL_PELLET','Ezekiel',4,'Microbial Culture Collection','University of the Philippines Los Banos - Museum of Natural History'),(39,'MCC','UPLB-MNH','BAT','Miniopterus australis','FECAL_PELLET','NICER CAVES Project 4','NICER CAVES P4','Palale Cave','PC','Tayabas, Quezon','TQ',0,'MCC-UPLB-MNH-NICER CAVES P4-PC-TQ-0-BAT-FECAL_PELLET-3','MCC-UPLB-MNH-NICER CAVES P4-PC-TQ-0-BAT-FECAL_PELLET','Ezekiel',4,'Microbial Culture Collection','University of the Philippines Los Banos - Museum of Natural History'),(40,'MCC','UPLB-MNH','BAT','Rhinolophus arcuatus','FECAL_PELLET','NICER CAVES Project 4','NICER CAVES P4','Palale Cave','PC','Tayabas, Quezon','TQ',0,'MCC-UPLB-MNH-NICER CAVES P4-PC-TQ-0-BAT-FECAL_PELLET-4','MCC-UPLB-MNH-NICER CAVES P4-PC-TQ-0-BAT-FECAL_PELLET','Ezekiel',4,'Microbial Culture Collection','University of the Philippines Los Banos - Museum of Natural History'),(43,'MCC','MNH','BAT','Rhinolophus rufus','GUT','DOST NICER CAVES','CAV','Cavinti, Laguna','CL','Cavinti Underground River and Caves Complex','CURCC',0,'MCC-MNH-CAV-CL-CURCC-0-BAT-GUT-0','MCC-MNH-CAV-CL-CURCC-0-BAT-GUT','admin',1,'Microbial Culture Collection','UPLB Museum of Natural History'),(45,'MCC','UPLB-MNH','BAT','Ptenochirus jagori','GUT','Niche Centers in the Regions for Research and Development Center for Cave Ecosystems Research Project 4','NICER CAVES P4','Tayabas, Quezon','TQ','Palale Cave','PC',0,'MCC-UPLB-MNH-NICER CAVES P4-TQ-PC-0-BAT-GUT-0','MCC-UPLB-MNH-NICER CAVES P4-TQ-PC-0-BAT-GUT','Ezekiel',4,'Microbial Culture Collection','University of the Philippines Los Baos - Museum of Natural History'),(46,'MCC','UPLB-MNH','BAT','Cynopterus brachyotis','GUT','Niche Centers in the Regions for Research and Development Center for Cave Ecosystems Research Project 4','NICER CAVES P4','Tayabas, Quezon','TQ','Palale Cave','PC',0,'MCC-UPLB-MNH-NICER CAVES P4-TQ-PC-0-BAT-GUT-1','MCC-UPLB-MNH-NICER CAVES P4-TQ-PC-0-BAT-GUT','Ezekiel',4,'Microbial Culture Collection','University of the Philippines Los Baos - Museum of Natural History'),(47,'MCC','UPLB-MNH','BAT','Miniopterus australis','GUT','Niche Centers in the Regions for Research and Development Center for Cave Ecosystems Research Project 4','NICER CAVES P4','Tayabas, Quezon','TQ','Palale Cave','PC',0,'MCC-UPLB-MNH-NICER CAVES P4-TQ-PC-0-BAT-GUT-2','MCC-UPLB-MNH-NICER CAVES P4-TQ-PC-0-BAT-GUT','Ezekiel',4,'Microbial Culture Collection','University of the Philippines Los Baos - Museum of Natural History'),(48,'MCC','UPLB-MNH','BAT','Rhinolophus arcuatus','GUT','Niche Centers in the Regions for Research and Development Center for Cave Ecosystems Research Project 4','NICER CAVES P4','Tayabas, Quezon','TQ','Palale Cave','PC',0,'MCC-UPLB-MNH-NICER CAVES P4-TQ-PC-0-BAT-GUT-3','MCC-UPLB-MNH-NICER CAVES P4-TQ-PC-0-BAT-GUT','Ezekiel',4,'Microbial Culture Collection','University of the Philippines Los Baos - Museum of Natural History'),(49,'MCC','UPLB-MNH','BAT','Ptenochirus jagori','FECAL_PELLET','Niche Centers in the Regions for Research and Development Center for Cave Ecosystems Research Project 4','NICER CAVES P4','Tayabas, Quezon','TQ','Palale Cave','PC',0,'MCC-UPLB-MNH-NICER CAVES P4-TQ-PC-0-BAT-FECAL_PELLET-0','MCC-UPLB-MNH-NICER CAVES P4-TQ-PC-0-BAT-FECAL_PELLET','Ezekiel',4,'Microbial Culture Collection','University of the Philippines Los Baos - Museum of Natural History'),(50,'MCC','UPLB-MNH','BAT','Cynopterus brachyotis','FECAL_PELLET','Niche Centers in the Regions for Research and Development Center for Cave Ecosystems Research Project 4','NICER CAVES P4','Tayabas, Quezon','TQ','Palale Cave','PC',0,'MCC-UPLB-MNH-NICER CAVES P4-TQ-PC-0-BAT-FECAL_PELLET-1','MCC-UPLB-MNH-NICER CAVES P4-TQ-PC-0-BAT-FECAL_PELLET','Ezekiel',4,'Microbial Culture Collection','University of the Philippines Los Baos - Museum of Natural History'),(51,'MCC','UPLB-MNH','BAT','Miniopterus australis','FECAL_PELLET','Niche Centers in the Regions for Research and Development Center for Cave Ecosystems Research Project 4','NICER CAVES P4','Tayabas, Quezon','TQ','Palale Cave','PC',0,'MCC-UPLB-MNH-NICER CAVES P4-TQ-PC-0-BAT-FECAL_PELLET-2','MCC-UPLB-MNH-NICER CAVES P4-TQ-PC-0-BAT-FECAL_PELLET','Ezekiel',4,'Microbial Culture Collection','University of the Philippines Los Baos - Museum of Natural History'),(52,'MCC','UPLB-MNH','BAT','Rhinolophus arcuatus','FECAL_PELLET','Niche Centers in the Regions for Research and Development Center for Cave Ecosystems Research Project 4','NICER CAVES P4','Tayabas, Quezon','TQ','Palale Cave','PC',0,'MCC-UPLB-MNH-NICER CAVES P4-TQ-PC-0-BAT-FECAL_PELLET-3','MCC-UPLB-MNH-NICER CAVES P4-TQ-PC-0-BAT-FECAL_PELLET','Ezekiel',4,'Microbial Culture Collection','University of the Philippines Los Baos - Museum of Natural History'),(53,'MCC','UPLB MNH','BAT','N/A','GUANO','Niche Centers in the Regions for Research and Development Center for Cave Ecosystems Research Project 4','(NICER CAVES P4)','Tayabas, Quezon','TQ','Palale Cave','PCTQ',4,'MCC-UPLB MNH-(NICER CAVES P4)-TQ-PCTQ-4-BAT-GUANO-0','MCC-UPLB MNH-(NICER CAVES P4)-TQ-PCTQ-4-BAT-GUANO','Mark Kevin',14,'Microbial Culture Collection','University of the Phillipines Los Baos Museum of Natural History'),(54,'MCC','UPLB MNH','','','WATER','Niche Centers in the Regions for Research and Development Center for Cave Ecosystems Research Project 4','NICER CAVES P4','Rodriguez Rizal','RL','Pamitinan Cave','PC',0,'MCC-UPLB MNH-NICER CAVES P4-RL-PC-0-WATER-0','MCC-UPLB MNH-NICER CAVES P4-RL-PC-0-WATER','Kyla',16,'Microbial Culture Collection','University of the Philippines Los Baos Museum of Natural History');
/*!40000 ALTER TABLE `source_source` ENABLE KEYS */;
UNLOCK TABLES;

--
-- Table structure for table `user_account`
--

DROP TABLE IF EXISTS `user_account`;
/*!40101 SET @saved_cs_client     = @@character_set_client */;
/*!50503 SET character_set_client = utf8mb4 */;
CREATE TABLE `user_account` (
  `id` bigint NOT NULL AUTO_INCREMENT,
  `password` varchar(128) NOT NULL,
  `last_login` datetime(6) DEFAULT NULL,
  `is_superuser` tinyint(1) NOT NULL,
  `email` varchar(254) NOT NULL,
  `username` varchar(150) NOT NULL,
  `date_created` datetime(6) NOT NULL,
  PRIMARY KEY (`id`),
  UNIQUE KEY `email` (`email`),
  UNIQUE KEY `username` (`username`)
) ENGINE=InnoDB AUTO_INCREMENT=19 DEFAULT CHARSET=utf8mb4 COLLATE=utf8mb4_0900_ai_ci;
/*!40101 SET character_set_client = @saved_cs_client */;

--
-- Dumping data for table `user_account`
--

LOCK TABLES `user_account` WRITE;
/*!40000 ALTER TABLE `user_account` DISABLE KEYS */;
INSERT INTO `user_account` VALUES (1,'pbkdf2_sha256$600000$RjMqTyeFe4BzvIyLcfMFa9$OGIhBo2fIuQo4pQYer1F5+etEbldFJdYa/RezFCThk4=','2024-07-13 02:10:55.075966',1,'admin@up.edu.ph','admin','2024-04-29 15:41:59.695113'),(2,'pbkdf2_sha256$600000$arg8gkRpVJ78Qr7TCkF7k2$Nei2dM5UbFgyM7fZkZAAArhtNSdP+LPpxyMkwQWmHeY=',NULL,0,'lbsibal@up.edu.ph','Lou Gene Sibal','2024-05-04 00:29:57.672285'),(3,'pbkdf2_sha256$600000$z2gK3D0Yt4w5VqR52viLP0$ho18F4Lv9w6S2Mdk9bwIbPseGhJT2RrYvwCMIRc9WsI=',NULL,0,'cedie@up.edu.ph','Cedie','2024-05-20 06:55:58.964711'),(4,'pbkdf2_sha256$600000$5zHXxCE0u78OysbkR5TnYU$jDTfr7S/3cMjzumnqjeYV3X16IgfW1YtypO4sEg/BUQ=',NULL,0,'ezekiel@up.edu.ph','Ezekiel','2024-05-20 06:56:26.646526'),(5,'pbkdf2_sha256$600000$gXEYWJxhBnS3q7rQrL7opk$MLWTDE0PalQwP7n45xRnWXpYzkkNCcM4ioaOslphg/8=',NULL,0,'ira@up.edu.ph','Ira','2024-05-20 06:56:46.156525'),(6,'pbkdf2_sha256$600000$VGjKTCctyaC0s2DJ3csPve$j+8YtISGCb0i49IJxfraspxNzMCUKKG/zpDJz041m48=',NULL,0,'lilian@up.edu.ph','Lilian','2024-05-20 06:57:06.520743'),(7,'pbkdf2_sha256$600000$pDVOLMdCTu12quJ46CRJly$lHGdZfsS9exuJ2kz7ILevKf6sNEV3UTb1OzwC9hed/4=',NULL,0,'nicette@up.edu.ph','Nicette','2024-05-20 06:57:36.552152'),(8,'pbkdf2_sha256$600000$4mivt1zcqLPXXPwE2fMPq7$qIfP7xgAVyHjE+CJkqXkA+QYXwgWQtiSzoRTxdZ5mN0=',NULL,0,'thea@up.edu.ph','Thea','2024-05-20 07:00:47.569523'),(9,'pbkdf2_sha256$600000$RtizSZOye4f501QSXPy8Sm$KkPrgden+0k1pHX+y2G1TXssTWxl0VPguK2oGYSIYRk=',NULL,0,'rtsantos3@up.edu.ph','Russel','2024-05-20 07:01:35.170909'),(11,'pbkdf2_sha256$600000$wwNa7lolxsHTNdhOToBMEs$HC/C1vFJn7t6U6FEHgXU1WN77fUDcPSlQsWLbKHO/fE=',NULL,0,'nharveygarcia@gmail.com','test_admin','2024-05-22 10:09:25.674517'),(12,'pbkdf2_sha256$600000$AuH4uc3gd0Wb0EfOMciYyK$GeArY7918J9PKTUu6car7n+u9iEBU/MRJIuN7UwO3vU=',NULL,0,'test@gmail.com','test','2024-07-12 05:37:27.581603'),(13,'pbkdf2_sha256$600000$qGST1IVGdo5EYYiqjyFaNh$zpM733B7xVgCfM91JzKZ0bldM1OPd3PaSh/jApa427s=',NULL,0,'muanacleto@up.edu.ph','manacleto','2024-07-13 02:40:11.909653'),(14,'pbkdf2_sha256$600000$rsqeYrOwWcPH3ticCf8CBd$8BIgUuaVT5w3jW8rYnXHw7Tnm1GMjVgzRDN5XPizW5A=',NULL,0,'mslopez5@up.edu.ph','Mark Kevin','2024-08-14 05:34:52.891385'),(15,'pbkdf2_sha256$600000$JFZ1RQ3MCL5ziESOn0a2ei$3Kl9N2Sk8gtef/8NZbTIOphptxFyn2eiCqWivPCvH9g=',NULL,0,'wlloyola@up.edu.ph','Wilnan','2024-08-15 04:59:59.622932'),(16,'pbkdf2_sha256$600000$Ogxjv7KyMEgTfObZw4G29A$a8eDCY1Ilsr1JvMPyQZgTVEKR8VZyB8rxrhOMr1MCAw=',NULL,0,'kcaustria1@up.edu.ph','Kyla','2024-08-15 05:01:28.572065'),(17,'pbkdf2_sha256$600000$ogGX7szAlfFYDAJPZktoqE$ajKfBLzBKwdXR7cvYiaJuwQK3K/CRQ4C1FGTsGyi/gw=',NULL,0,'immercado@up.edu.ph','Irish','2024-08-15 05:02:47.697840'),(18,'pbkdf2_sha256$600000$13i1tljJLtwlhb7VAs7fjr$M3fUWIvU4eYdkbwaFtfP0Yk9OW9qIBQyBz/5RoCjLHg=',NULL,0,'adangeles4@up.edu.ph','Ayessa','2024-08-15 05:07:15.237659');
/*!40000 ALTER TABLE `user_account` ENABLE KEYS */;
UNLOCK TABLES;

--
-- Table structure for table `user_account_groups`
--

DROP TABLE IF EXISTS `user_account_groups`;
/*!40101 SET @saved_cs_client     = @@character_set_client */;
/*!50503 SET character_set_client = utf8mb4 */;
CREATE TABLE `user_account_groups` (
  `id` bigint NOT NULL AUTO_INCREMENT,
  `account_id` bigint NOT NULL,
  `group_id` int NOT NULL,
  PRIMARY KEY (`id`),
  UNIQUE KEY `user_account_groups_account_id_group_id_0afab7e7_uniq` (`account_id`,`group_id`),
  KEY `user_account_groups_group_id_6b82accd_fk_auth_group_id` (`group_id`),
  CONSTRAINT `user_account_groups_account_id_d594c05c_fk_user_account_id` FOREIGN KEY (`account_id`) REFERENCES `user_account` (`id`),
  CONSTRAINT `user_account_groups_group_id_6b82accd_fk_auth_group_id` FOREIGN KEY (`group_id`) REFERENCES `auth_group` (`id`)
) ENGINE=InnoDB DEFAULT CHARSET=utf8mb4 COLLATE=utf8mb4_0900_ai_ci;
/*!40101 SET character_set_client = @saved_cs_client */;

--
-- Dumping data for table `user_account_groups`
--

LOCK TABLES `user_account_groups` WRITE;
/*!40000 ALTER TABLE `user_account_groups` DISABLE KEYS */;
/*!40000 ALTER TABLE `user_account_groups` ENABLE KEYS */;
UNLOCK TABLES;

--
-- Table structure for table `user_account_user_permissions`
--

DROP TABLE IF EXISTS `user_account_user_permissions`;
/*!40101 SET @saved_cs_client     = @@character_set_client */;
/*!50503 SET character_set_client = utf8mb4 */;
CREATE TABLE `user_account_user_permissions` (
  `id` bigint NOT NULL AUTO_INCREMENT,
  `account_id` bigint NOT NULL,
  `permission_id` int NOT NULL,
  PRIMARY KEY (`id`),
  UNIQUE KEY `user_account_user_permis_account_id_permission_id_c5aa224c_uniq` (`account_id`,`permission_id`),
  KEY `user_account_user_pe_permission_id_6799c095_fk_auth_perm` (`permission_id`),
  CONSTRAINT `user_account_user_pe_account_id_5d3b4744_fk_user_acco` FOREIGN KEY (`account_id`) REFERENCES `user_account` (`id`),
  CONSTRAINT `user_account_user_pe_permission_id_6799c095_fk_auth_perm` FOREIGN KEY (`permission_id`) REFERENCES `auth_permission` (`id`)
) ENGINE=InnoDB DEFAULT CHARSET=utf8mb4 COLLATE=utf8mb4_0900_ai_ci;
/*!40101 SET character_set_client = @saved_cs_client */;

--
-- Dumping data for table `user_account_user_permissions`
--

LOCK TABLES `user_account_user_permissions` WRITE;
/*!40000 ALTER TABLE `user_account_user_permissions` DISABLE KEYS */;
/*!40000 ALTER TABLE `user_account_user_permissions` ENABLE KEYS */;
UNLOCK TABLES;

--
-- Table structure for table `user_log`
--

DROP TABLE IF EXISTS `user_log`;
/*!40101 SET @saved_cs_client     = @@character_set_client */;
/*!50503 SET character_set_client = utf8mb4 */;
CREATE TABLE `user_log` (
  `id` bigint NOT NULL AUTO_INCREMENT,
  `type` varchar(20) NOT NULL,
  `detail` varchar(150) NOT NULL,
  `datetime` datetime(6) NOT NULL,
  `user` varchar(150) NOT NULL,
  `userid_id` bigint NOT NULL,
  PRIMARY KEY (`id`),
  KEY `user_log_userid_id_77da4aa0_fk_user_account_id` (`userid_id`),
  CONSTRAINT `user_log_userid_id_77da4aa0_fk_user_account_id` FOREIGN KEY (`userid_id`) REFERENCES `user_account` (`id`)
) ENGINE=InnoDB AUTO_INCREMENT=642 DEFAULT CHARSET=utf8mb4 COLLATE=utf8mb4_0900_ai_ci;
/*!40101 SET character_set_client = @saved_cs_client */;

--
-- Dumping data for table `user_log`
--

LOCK TABLES `user_log` WRITE;
/*!40000 ALTER TABLE `user_log` DISABLE KEYS */;
INSERT INTO `user_log` VALUES (1,'Source','Created source MCC-UPLB MNH-NICER CAVES P4-CL-CURCC-0-BAT-FECAL_PELLET-0','2024-05-12 01:04:58.304632','Lou Gene Sibal',2),(2,'Source','Created source MCC-UPLB MNH-NICER CAVES P4-CL-CURCC-0-BAT-FECAL_PELLET-1','2024-05-12 01:11:39.092675','Lou Gene Sibal',2),(3,'Source','Created source MCC-UPLB MNH-NICER CAVES P4-CL-CURCC-4-BAT-FECAL_PELLET-0','2024-05-12 01:12:40.925384','Lou Gene Sibal',2),(4,'Source','Created source MCC-UPLB MNH-NICER CAVES P4-CL-CURCC-0-BAT-FECAL_PELLET-2','2024-05-12 01:13:45.693469','Lou Gene Sibal',2),(5,'Source','Created source MCC-UPLB MNH-NICER CAVES P4-CL-CURCC-0-BAT-FECAL_PELLET-3','2024-05-12 01:15:08.768981','Lou Gene Sibal',2),(6,'Source','Created source MCC-UPLB MNH-NICER CAVES P4-CL-CURCC-0-BAT-FECAL_PELLET-4','2024-05-12 01:16:03.847864','Lou Gene Sibal',2),(7,'Source','Created source MCC-UPLB MNH-NICER CAVES P4-CL-CURCC-0-BAT-FECAL_PELLET-5','2024-05-12 01:17:04.517965','Lou Gene Sibal',2),(8,'Isolate','Deleted source MCC-UPLB MNH-NICER CAVES P4-CL-CURCC-4-BAT-FECAL_PELLET-0','2024-05-12 01:19:01.209374','Lou Gene Sibal',2),(9,'Source','Created source MCC-UPLB MNH-NICER CAVES P4-CL-CURCC-0-BAT-FECAL_PELLET-6','2024-05-12 01:19:39.399559','Lou Gene Sibal',2),(10,'Source','Created source MCC-UPLB MNH-NICER CAVES P4-CL-CURCC-0-BAT-FECAL_PELLET-7','2024-05-12 06:03:39.100055','Lou Gene Sibal',2),(11,'Source','Created source MCC-UPLB MNH-NICER CAVES P4-CL-CURCC-0-BAT-FECAL_PELLET-8','2024-05-12 06:03:42.480538','Lou Gene Sibal',2),(12,'Source','Created source MCC-UPLB MNH-NICER CAVES P4-CL-CURCC-0-BAT-FECAL_PELLET-9','2024-05-12 06:03:44.663846','Lou Gene Sibal',2),(13,'Source','Created source MCC-UPLB MNH-NICER CAVES P4-CL-CURCC-0-BAT-FECAL_PELLET-10','2024-05-12 06:03:48.759263','Lou Gene Sibal',2),(14,'Isolate','Deleted source MCC-UPLB MNH-NICER CAVES P4-CL-CURCC-0-BAT-FECAL_PELLET-9','2024-05-12 06:04:03.721934','Lou Gene Sibal',2),(15,'Isolate','Deleted source MCC-UPLB MNH-NICER CAVES P4-CL-CURCC-0-BAT-FECAL_PELLET-10','2024-05-12 06:04:16.809431','Lou Gene Sibal',2),(16,'Isolate','Deleted source MCC-UPLB MNH-NICER CAVES P4-CL-CURCC-0-BAT-FECAL_PELLET-8','2024-05-12 06:04:22.784967','Lou Gene Sibal',2),(17,'Isolate','Created isolate MCC-UPLB MNH-NICER CAVES P4-CL-CURCC-0-BAT-FECAL_PELLET-7-001','2024-05-12 07:53:45.584437','Lou Gene Sibal',2),(18,'Isolate','Created isolate MCC-UPLB MNH-NICER CAVES P4-CL-CURCC-0-BAT-FECAL_PELLET-7-002','2024-05-12 07:53:45.617167','Lou Gene Sibal',2),(19,'Isolate','Created isolate MCC-UPLB MNH-NICER CAVES P4-CL-CURCC-0-BAT-FECAL_PELLET-0-001','2024-05-12 07:53:45.649856','Lou Gene Sibal',2),(20,'Isolate','Created isolate MCC-UPLB MNH-NICER CAVES P4-CL-CURCC-0-BAT-FECAL_PELLET-0-002','2024-05-12 07:53:45.692899','Lou Gene Sibal',2),(21,'Isolate','Created isolate MCC-UPLB MNH-NICER CAVES P4-CL-CURCC-0-BAT-FECAL_PELLET-1-001','2024-05-12 07:53:45.723030','Lou Gene Sibal',2),(22,'Isolate','Created isolate MCC-UPLB MNH-NICER CAVES P4-CL-CURCC-0-BAT-FECAL_PELLET-1-002','2024-05-12 07:53:45.750274','Lou Gene Sibal',2),(23,'Isolate','Created isolate MCC-UPLB MNH-NICER CAVES P4-CL-CURCC-0-BAT-FECAL_PELLET-6-001','2024-05-12 07:53:45.771817','Lou Gene Sibal',2),(24,'Isolate','Created isolate MCC-UPLB MNH-NICER CAVES P4-CL-CURCC-0-BAT-FECAL_PELLET-2-001','2024-05-12 07:53:45.798209','Lou Gene Sibal',2),(25,'Isolate','Created isolate MCC-UPLB MNH-NICER CAVES P4-CL-CURCC-0-BAT-FECAL_PELLET-2-002','2024-05-12 07:53:45.821337','Lou Gene Sibal',2),(26,'Isolate','Created isolate MCC-UPLB MNH-NICER CAVES P4-CL-CURCC-0-BAT-FECAL_PELLET-3-001','2024-05-12 07:53:45.844396','Lou Gene Sibal',2),(27,'Isolate','Created isolate MCC-UPLB MNH-NICER CAVES P4-CL-CURCC-0-BAT-FECAL_PELLET-3-002','2024-05-12 07:53:45.878560','Lou Gene Sibal',2),(28,'Isolate','Created isolate MCC-UPLB MNH-NICER CAVES P4-CL-CURCC-0-BAT-FECAL_PELLET-3-003','2024-05-12 07:53:45.906672','Lou Gene Sibal',2),(29,'Isolate','Created isolate MCC-UPLB MNH-NICER CAVES P4-CL-CURCC-0-BAT-FECAL_PELLET-4-001','2024-05-12 07:53:45.932425','Lou Gene Sibal',2),(30,'Isolate','Created isolate MCC-UPLB MNH-NICER CAVES P4-CL-CURCC-0-BAT-FECAL_PELLET-4-002','2024-05-12 07:53:45.967117','Lou Gene Sibal',2),(31,'Isolate','Created isolate MCC-UPLB MNH-NICER CAVES P4-CL-CURCC-0-BAT-FECAL_PELLET-4-003','2024-05-12 07:53:45.990416','Lou Gene Sibal',2),(32,'Isolate','Created isolate MCC-UPLB MNH-NICER CAVES P4-CL-CURCC-0-BAT-FECAL_PELLET-4-004','2024-05-12 07:53:46.012496','Lou Gene Sibal',2),(33,'Isolate','Created isolate MCC-UPLB MNH-NICER CAVES P4-CL-CURCC-0-BAT-FECAL_PELLET-5-001','2024-05-12 07:53:46.033024','Lou Gene Sibal',2),(34,'Isolate','Created isolate MCC-UPLB MNH-NICER CAVES P4-CL-CURCC-0-BAT-FECAL_PELLET-5-002','2024-05-12 07:53:46.051985','Lou Gene Sibal',2),(35,'Isolate','Created isolate MCC-UPLB MNH-NICER CAVES P4-CL-CURCC-0-BAT-FECAL_PELLET-5-003','2024-05-12 07:53:46.078374','Lou Gene Sibal',2),(36,'Isolate','Created isolate MCC-UPLB MNH-NICER CAVES P4-CL-CURCC-0-BAT-FECAL_PELLET-7-003','2024-05-12 07:53:46.184681','Lou Gene Sibal',2),(37,'Isolate','Created isolate MCC-UPLB MNH-NICER CAVES P4-CL-CURCC-0-BAT-FECAL_PELLET-7-004','2024-05-12 07:53:46.206853','Lou Gene Sibal',2),(38,'Isolate','Created isolate MCC-UPLB MNH-NICER CAVES P4-CL-CURCC-0-BAT-FECAL_PELLET-0-003','2024-05-12 07:53:46.231043','Lou Gene Sibal',2),(39,'Isolate','Created isolate MCC-UPLB MNH-NICER CAVES P4-CL-CURCC-0-BAT-FECAL_PELLET-0-004','2024-05-12 07:53:46.272360','Lou Gene Sibal',2),(40,'Isolate','Created isolate MCC-UPLB MNH-NICER CAVES P4-CL-CURCC-0-BAT-FECAL_PELLET-1-003','2024-05-12 07:53:46.303061','Lou Gene Sibal',2),(41,'Isolate','Created isolate MCC-UPLB MNH-NICER CAVES P4-CL-CURCC-0-BAT-FECAL_PELLET-1-004','2024-05-12 07:53:46.326014','Lou Gene Sibal',2),(42,'Isolate','Created isolate MCC-UPLB MNH-NICER CAVES P4-CL-CURCC-0-BAT-FECAL_PELLET-6-002','2024-05-12 07:53:46.350075','Lou Gene Sibal',2),(43,'Isolate','Created isolate MCC-UPLB MNH-NICER CAVES P4-CL-CURCC-0-BAT-FECAL_PELLET-2-003','2024-05-12 07:53:46.371047','Lou Gene Sibal',2),(44,'Isolate','Created isolate MCC-UPLB MNH-NICER CAVES P4-CL-CURCC-0-BAT-FECAL_PELLET-2-004','2024-05-12 07:53:46.396348','Lou Gene Sibal',2),(45,'Isolate','Created isolate MCC-UPLB MNH-NICER CAVES P4-CL-CURCC-0-BAT-FECAL_PELLET-3-004','2024-05-12 07:53:46.419042','Lou Gene Sibal',2),(46,'Isolate','Created isolate MCC-UPLB MNH-NICER CAVES P4-CL-CURCC-0-BAT-FECAL_PELLET-3-005','2024-05-12 07:53:46.441015','Lou Gene Sibal',2),(47,'Isolate','Created isolate MCC-UPLB MNH-NICER CAVES P4-CL-CURCC-0-BAT-FECAL_PELLET-3-006','2024-05-12 07:53:46.477073','Lou Gene Sibal',2),(48,'Isolate','Created isolate MCC-UPLB MNH-NICER CAVES P4-CL-CURCC-0-BAT-FECAL_PELLET-4-005','2024-05-12 07:53:46.507245','Lou Gene Sibal',2),(49,'Isolate','Created isolate MCC-UPLB MNH-NICER CAVES P4-CL-CURCC-0-BAT-FECAL_PELLET-4-006','2024-05-12 07:53:46.531842','Lou Gene Sibal',2),(50,'Isolate','Created isolate MCC-UPLB MNH-NICER CAVES P4-CL-CURCC-0-BAT-FECAL_PELLET-4-007','2024-05-12 07:53:46.561412','Lou Gene Sibal',2),(51,'Isolate','Created isolate MCC-UPLB MNH-NICER CAVES P4-CL-CURCC-0-BAT-FECAL_PELLET-4-008','2024-05-12 07:53:46.581123','Lou Gene Sibal',2),(52,'Isolate','Created isolate MCC-UPLB MNH-NICER CAVES P4-CL-CURCC-0-BAT-FECAL_PELLET-5-004','2024-05-12 07:53:46.606953','Lou Gene Sibal',2),(53,'Isolate','Created isolate MCC-UPLB MNH-NICER CAVES P4-CL-CURCC-0-BAT-FECAL_PELLET-5-005','2024-05-12 07:53:46.630295','Lou Gene Sibal',2),(54,'Isolate','Created isolate MCC-UPLB MNH-NICER CAVES P4-CL-CURCC-0-BAT-FECAL_PELLET-5-006','2024-05-12 07:53:46.652995','Lou Gene Sibal',2),(55,'Isolate','Created isolate MCC-UPLB MNH-NICER CAVES P4-CL-CURCC-0-BAT-FECAL_PELLET-7-005','2024-05-12 07:53:46.757031','Lou Gene Sibal',2),(56,'Isolate','Created isolate MCC-UPLB MNH-NICER CAVES P4-CL-CURCC-0-BAT-FECAL_PELLET-7-006','2024-05-12 07:53:46.775765','Lou Gene Sibal',2),(57,'Isolate','Created isolate MCC-UPLB MNH-NICER CAVES P4-CL-CURCC-0-BAT-FECAL_PELLET-0-005','2024-05-12 07:53:46.798421','Lou Gene Sibal',2),(58,'Isolate','Created isolate MCC-UPLB MNH-NICER CAVES P4-CL-CURCC-0-BAT-FECAL_PELLET-0-006','2024-05-12 07:53:46.829857','Lou Gene Sibal',2),(59,'Isolate','Created isolate MCC-UPLB MNH-NICER CAVES P4-CL-CURCC-0-BAT-FECAL_PELLET-1-005','2024-05-12 07:53:46.853939','Lou Gene Sibal',2),(60,'Isolate','Created isolate MCC-UPLB MNH-NICER CAVES P4-CL-CURCC-0-BAT-FECAL_PELLET-1-006','2024-05-12 07:53:46.874467','Lou Gene Sibal',2),(61,'Isolate','Created isolate MCC-UPLB MNH-NICER CAVES P4-CL-CURCC-0-BAT-FECAL_PELLET-6-003','2024-05-12 07:53:46.896473','Lou Gene Sibal',2),(62,'Isolate','Created isolate MCC-UPLB MNH-NICER CAVES P4-CL-CURCC-0-BAT-FECAL_PELLET-2-005','2024-05-12 07:53:46.927276','Lou Gene Sibal',2),(63,'Isolate','Created isolate MCC-UPLB MNH-NICER CAVES P4-CL-CURCC-0-BAT-FECAL_PELLET-2-006','2024-05-12 07:53:46.962915','Lou Gene Sibal',2),(64,'Isolate','Created isolate MCC-UPLB MNH-NICER CAVES P4-CL-CURCC-0-BAT-FECAL_PELLET-3-007','2024-05-12 07:53:46.987271','Lou Gene Sibal',2),(65,'Isolate','Created isolate MCC-UPLB MNH-NICER CAVES P4-CL-CURCC-0-BAT-FECAL_PELLET-3-008','2024-05-12 07:53:47.009298','Lou Gene Sibal',2),(66,'Isolate','Created isolate MCC-UPLB MNH-NICER CAVES P4-CL-CURCC-0-BAT-FECAL_PELLET-3-009','2024-05-12 07:53:47.030486','Lou Gene Sibal',2),(67,'Isolate','Created isolate MCC-UPLB MNH-NICER CAVES P4-CL-CURCC-0-BAT-FECAL_PELLET-7-007','2024-05-12 07:53:47.054522','Lou Gene Sibal',2),(68,'Isolate','Created isolate MCC-UPLB MNH-NICER CAVES P4-CL-CURCC-0-BAT-FECAL_PELLET-4-009','2024-05-12 07:53:47.056756','Lou Gene Sibal',2),(69,'Isolate','Created isolate MCC-UPLB MNH-NICER CAVES P4-CL-CURCC-0-BAT-FECAL_PELLET-7-008','2024-05-12 07:53:47.089987','Lou Gene Sibal',2),(70,'Isolate','Created isolate MCC-UPLB MNH-NICER CAVES P4-CL-CURCC-0-BAT-FECAL_PELLET-4-010','2024-05-12 07:53:47.091697','Lou Gene Sibal',2),(71,'Isolate','Created isolate MCC-UPLB MNH-NICER CAVES P4-CL-CURCC-0-BAT-FECAL_PELLET-0-007','2024-05-12 07:53:47.121276','Lou Gene Sibal',2),(72,'Isolate','Created isolate MCC-UPLB MNH-NICER CAVES P4-CL-CURCC-0-BAT-FECAL_PELLET-4-011','2024-05-12 07:53:47.122982','Lou Gene Sibal',2),(73,'Isolate','Created isolate MCC-UPLB MNH-NICER CAVES P4-CL-CURCC-0-BAT-FECAL_PELLET-4-012','2024-05-12 07:53:47.150055','Lou Gene Sibal',2),(74,'Isolate','Created isolate MCC-UPLB MNH-NICER CAVES P4-CL-CURCC-0-BAT-FECAL_PELLET-0-008','2024-05-12 07:53:47.151974','Lou Gene Sibal',2),(75,'Isolate','Created isolate MCC-UPLB MNH-NICER CAVES P4-CL-CURCC-0-BAT-FECAL_PELLET-1-007','2024-05-12 07:53:47.177543','Lou Gene Sibal',2),(76,'Isolate','Created isolate MCC-UPLB MNH-NICER CAVES P4-CL-CURCC-0-BAT-FECAL_PELLET-5-007','2024-05-12 07:53:47.179045','Lou Gene Sibal',2),(77,'Isolate','Created isolate MCC-UPLB MNH-NICER CAVES P4-CL-CURCC-0-BAT-FECAL_PELLET-1-008','2024-05-12 07:53:47.202767','Lou Gene Sibal',2),(78,'Isolate','Created isolate MCC-UPLB MNH-NICER CAVES P4-CL-CURCC-0-BAT-FECAL_PELLET-5-008','2024-05-12 07:53:47.204298','Lou Gene Sibal',2),(79,'Isolate','Created isolate MCC-UPLB MNH-NICER CAVES P4-CL-CURCC-0-BAT-FECAL_PELLET-6-004','2024-05-12 07:53:47.225484','Lou Gene Sibal',2),(80,'Isolate','Created isolate MCC-UPLB MNH-NICER CAVES P4-CL-CURCC-0-BAT-FECAL_PELLET-5-009','2024-05-12 07:53:47.227502','Lou Gene Sibal',2),(81,'Isolate','Created isolate MCC-UPLB MNH-NICER CAVES P4-CL-CURCC-0-BAT-FECAL_PELLET-2-007','2024-05-12 07:53:47.255281','Lou Gene Sibal',2),(82,'Isolate','Created isolate MCC-UPLB MNH-NICER CAVES P4-CL-CURCC-0-BAT-FECAL_PELLET-7-009','2024-05-12 07:53:47.256686','Lou Gene Sibal',2),(83,'Isolate','Created isolate MCC-UPLB MNH-NICER CAVES P4-CL-CURCC-0-BAT-FECAL_PELLET-7-010','2024-05-12 07:53:47.283773','Lou Gene Sibal',2),(84,'Isolate','Created isolate MCC-UPLB MNH-NICER CAVES P4-CL-CURCC-0-BAT-FECAL_PELLET-2-008','2024-05-12 07:53:47.286069','Lou Gene Sibal',2),(85,'Isolate','Created isolate MCC-UPLB MNH-NICER CAVES P4-CL-CURCC-0-BAT-FECAL_PELLET-3-010','2024-05-12 07:53:47.323044','Lou Gene Sibal',2),(86,'Isolate','Created isolate MCC-UPLB MNH-NICER CAVES P4-CL-CURCC-0-BAT-FECAL_PELLET-0-009','2024-05-12 07:53:47.325032','Lou Gene Sibal',2),(87,'Isolate','Created isolate MCC-UPLB MNH-NICER CAVES P4-CL-CURCC-0-BAT-FECAL_PELLET-0-010','2024-05-12 07:53:47.378337','Lou Gene Sibal',2),(88,'Isolate','Created isolate MCC-UPLB MNH-NICER CAVES P4-CL-CURCC-0-BAT-FECAL_PELLET-3-011','2024-05-12 07:53:47.380129','Lou Gene Sibal',2),(89,'Isolate','Created isolate MCC-UPLB MNH-NICER CAVES P4-CL-CURCC-0-BAT-FECAL_PELLET-7-011','2024-05-12 07:53:47.397241','Lou Gene Sibal',2),(90,'Isolate','Created isolate MCC-UPLB MNH-NICER CAVES P4-CL-CURCC-0-BAT-FECAL_PELLET-1-009','2024-05-12 07:53:47.432142','Lou Gene Sibal',2),(91,'Isolate','Created isolate MCC-UPLB MNH-NICER CAVES P4-CL-CURCC-0-BAT-FECAL_PELLET-3-012','2024-05-12 07:53:47.434835','Lou Gene Sibal',2),(92,'Isolate','Created isolate MCC-UPLB MNH-NICER CAVES P4-CL-CURCC-0-BAT-FECAL_PELLET-7-012','2024-05-12 07:53:47.447723','Lou Gene Sibal',2),(93,'Isolate','Created isolate MCC-UPLB MNH-NICER CAVES P4-CL-CURCC-0-BAT-FECAL_PELLET-4-013','2024-05-12 07:53:47.483647','Lou Gene Sibal',2),(94,'Isolate','Created isolate MCC-UPLB MNH-NICER CAVES P4-CL-CURCC-0-BAT-FECAL_PELLET-1-010','2024-05-12 07:53:47.488169','Lou Gene Sibal',2),(95,'Isolate','Created isolate MCC-UPLB MNH-NICER CAVES P4-CL-CURCC-0-BAT-FECAL_PELLET-0-011','2024-05-12 07:53:47.505537','Lou Gene Sibal',2),(96,'Isolate','Created isolate MCC-UPLB MNH-NICER CAVES P4-CL-CURCC-0-BAT-FECAL_PELLET-6-005','2024-05-12 07:53:47.529179','Lou Gene Sibal',2),(97,'Isolate','Created isolate MCC-UPLB MNH-NICER CAVES P4-CL-CURCC-0-BAT-FECAL_PELLET-4-014','2024-05-12 07:53:47.535961','Lou Gene Sibal',2),(98,'Isolate','Created isolate MCC-UPLB MNH-NICER CAVES P4-CL-CURCC-0-BAT-FECAL_PELLET-0-012','2024-05-12 07:53:47.553262','Lou Gene Sibal',2),(99,'Isolate','Created isolate MCC-UPLB MNH-NICER CAVES P4-CL-CURCC-0-BAT-FECAL_PELLET-7-013','2024-05-12 07:53:47.552664','Lou Gene Sibal',2),(100,'Isolate','Created isolate MCC-UPLB MNH-NICER CAVES P4-CL-CURCC-0-BAT-FECAL_PELLET-4-015','2024-05-12 07:53:47.585663','Lou Gene Sibal',2),(101,'Isolate','Created isolate MCC-UPLB MNH-NICER CAVES P4-CL-CURCC-0-BAT-FECAL_PELLET-2-009','2024-05-12 07:53:47.587161','Lou Gene Sibal',2),(102,'Isolate','Created isolate MCC-UPLB MNH-NICER CAVES P4-CL-CURCC-0-BAT-FECAL_PELLET-7-014','2024-05-12 07:53:47.603898','Lou Gene Sibal',2),(103,'Isolate','Created isolate MCC-UPLB MNH-NICER CAVES P4-CL-CURCC-0-BAT-FECAL_PELLET-1-011','2024-05-12 07:53:47.608927','Lou Gene Sibal',2),(104,'Isolate','Created isolate MCC-UPLB MNH-NICER CAVES P4-CL-CURCC-0-BAT-FECAL_PELLET-2-010','2024-05-12 07:53:47.638505','Lou Gene Sibal',2),(105,'Isolate','Created isolate MCC-UPLB MNH-NICER CAVES P4-CL-CURCC-0-BAT-FECAL_PELLET-4-016','2024-05-12 07:53:47.643018','Lou Gene Sibal',2),(106,'Isolate','Created isolate MCC-UPLB MNH-NICER CAVES P4-CL-CURCC-0-BAT-FECAL_PELLET-0-013','2024-05-12 07:53:47.656343','Lou Gene Sibal',2),(107,'Isolate','Created isolate MCC-UPLB MNH-NICER CAVES P4-CL-CURCC-0-BAT-FECAL_PELLET-1-012','2024-05-12 07:53:47.664035','Lou Gene Sibal',2),(108,'Isolate','Created isolate MCC-UPLB MNH-NICER CAVES P4-CL-CURCC-0-BAT-FECAL_PELLET-5-010','2024-05-12 07:53:47.693929','Lou Gene Sibal',2),(109,'Isolate','Created isolate MCC-UPLB MNH-NICER CAVES P4-CL-CURCC-0-BAT-FECAL_PELLET-3-013','2024-05-12 07:53:47.701019','Lou Gene Sibal',2),(110,'Isolate','Created isolate MCC-UPLB MNH-NICER CAVES P4-CL-CURCC-0-BAT-FECAL_PELLET-0-014','2024-05-12 07:53:47.715866','Lou Gene Sibal',2),(111,'Isolate','Created isolate MCC-UPLB MNH-NICER CAVES P4-CL-CURCC-0-BAT-FECAL_PELLET-6-006','2024-05-12 07:53:47.723119','Lou Gene Sibal',2),(112,'Isolate','Created isolate MCC-UPLB MNH-NICER CAVES P4-CL-CURCC-0-BAT-FECAL_PELLET-5-011','2024-05-12 07:53:47.742834','Lou Gene Sibal',2),(113,'Isolate','Created isolate MCC-UPLB MNH-NICER CAVES P4-CL-CURCC-0-BAT-FECAL_PELLET-3-014','2024-05-12 07:53:47.744046','Lou Gene Sibal',2),(114,'Isolate','Created isolate MCC-UPLB MNH-NICER CAVES P4-CL-CURCC-0-BAT-FECAL_PELLET-1-013','2024-05-12 07:53:47.761595','Lou Gene Sibal',2),(115,'Isolate','Created isolate MCC-UPLB MNH-NICER CAVES P4-CL-CURCC-0-BAT-FECAL_PELLET-2-011','2024-05-12 07:53:47.766585','Lou Gene Sibal',2),(116,'Isolate','Created isolate MCC-UPLB MNH-NICER CAVES P4-CL-CURCC-0-BAT-FECAL_PELLET-5-012','2024-05-12 07:53:47.788655','Lou Gene Sibal',2),(117,'Isolate','Created isolate MCC-UPLB MNH-NICER CAVES P4-CL-CURCC-0-BAT-FECAL_PELLET-3-015','2024-05-12 07:53:47.795680','Lou Gene Sibal',2),(118,'Isolate','Created isolate MCC-UPLB MNH-NICER CAVES P4-CL-CURCC-0-BAT-FECAL_PELLET-1-014','2024-05-12 07:53:47.803112','Lou Gene Sibal',2),(119,'Isolate','Created isolate MCC-UPLB MNH-NICER CAVES P4-CL-CURCC-0-BAT-FECAL_PELLET-2-012','2024-05-12 07:53:47.813721','Lou Gene Sibal',2),(120,'Isolate','Created isolate MCC-UPLB MNH-NICER CAVES P4-CL-CURCC-0-BAT-FECAL_PELLET-4-017','2024-05-12 07:53:47.833892','Lou Gene Sibal',2),(121,'Isolate','Created isolate MCC-UPLB MNH-NICER CAVES P4-CL-CURCC-0-BAT-FECAL_PELLET-6-007','2024-05-12 07:53:47.848568','Lou Gene Sibal',2),(122,'Isolate','Created isolate MCC-UPLB MNH-NICER CAVES P4-CL-CURCC-0-BAT-FECAL_PELLET-3-016','2024-05-12 07:53:47.854533','Lou Gene Sibal',2),(123,'Isolate','Created isolate MCC-UPLB MNH-NICER CAVES P4-CL-CURCC-0-BAT-FECAL_PELLET-4-018','2024-05-12 07:53:47.873622','Lou Gene Sibal',2),(124,'Isolate','Created isolate MCC-UPLB MNH-NICER CAVES P4-CL-CURCC-0-BAT-FECAL_PELLET-2-013','2024-05-12 07:53:47.891198','Lou Gene Sibal',2),(125,'Isolate','Created isolate MCC-UPLB MNH-NICER CAVES P4-CL-CURCC-0-BAT-FECAL_PELLET-3-017','2024-05-12 07:53:47.892493','Lou Gene Sibal',2),(126,'Isolate','Created isolate MCC-UPLB MNH-NICER CAVES P4-CL-CURCC-0-BAT-FECAL_PELLET-4-019','2024-05-12 07:53:47.912953','Lou Gene Sibal',2),(127,'Isolate','Created isolate MCC-UPLB MNH-NICER CAVES P4-CL-CURCC-0-BAT-FECAL_PELLET-2-014','2024-05-12 07:53:47.924295','Lou Gene Sibal',2),(128,'Isolate','Created isolate MCC-UPLB MNH-NICER CAVES P4-CL-CURCC-0-BAT-FECAL_PELLET-3-018','2024-05-12 07:53:47.930303','Lou Gene Sibal',2),(129,'Isolate','Created isolate MCC-UPLB MNH-NICER CAVES P4-CL-CURCC-0-BAT-FECAL_PELLET-4-020','2024-05-12 07:53:47.948649','Lou Gene Sibal',2),(130,'Isolate','Created isolate MCC-UPLB MNH-NICER CAVES P4-CL-CURCC-0-BAT-FECAL_PELLET-3-019','2024-05-12 07:53:47.959644','Lou Gene Sibal',2),(131,'Isolate','Created isolate MCC-UPLB MNH-NICER CAVES P4-CL-CURCC-0-BAT-FECAL_PELLET-4-021','2024-05-12 07:53:47.960939','Lou Gene Sibal',2),(132,'Isolate','Created isolate MCC-UPLB MNH-NICER CAVES P4-CL-CURCC-0-BAT-FECAL_PELLET-5-013','2024-05-12 07:53:47.985091','Lou Gene Sibal',2),(133,'Isolate','Created isolate MCC-UPLB MNH-NICER CAVES P4-CL-CURCC-0-BAT-FECAL_PELLET-4-022','2024-05-12 07:53:47.996115','Lou Gene Sibal',2),(134,'Isolate','Created isolate MCC-UPLB MNH-NICER CAVES P4-CL-CURCC-0-BAT-FECAL_PELLET-3-020','2024-05-12 07:53:48.002661','Lou Gene Sibal',2),(135,'Isolate','Created isolate MCC-UPLB MNH-NICER CAVES P4-CL-CURCC-0-BAT-FECAL_PELLET-5-014','2024-05-12 07:53:48.021607','Lou Gene Sibal',2),(136,'Isolate','Created isolate MCC-UPLB MNH-NICER CAVES P4-CL-CURCC-0-BAT-FECAL_PELLET-3-021','2024-05-12 07:53:48.035530','Lou Gene Sibal',2),(137,'Isolate','Created isolate MCC-UPLB MNH-NICER CAVES P4-CL-CURCC-0-BAT-FECAL_PELLET-4-023','2024-05-12 07:53:48.041208','Lou Gene Sibal',2),(138,'Isolate','Created isolate MCC-UPLB MNH-NICER CAVES P4-CL-CURCC-0-BAT-FECAL_PELLET-5-015','2024-05-12 07:53:48.058755','Lou Gene Sibal',2),(139,'Isolate','Created isolate MCC-UPLB MNH-NICER CAVES P4-CL-CURCC-0-BAT-FECAL_PELLET-4-024','2024-05-12 07:53:48.071148','Lou Gene Sibal',2),(140,'Isolate','Created isolate MCC-UPLB MNH-NICER CAVES P4-CL-CURCC-0-BAT-FECAL_PELLET-4-024','2024-05-12 07:53:48.072849','Lou Gene Sibal',2),(141,'Isolate','Created isolate MCC-UPLB MNH-NICER CAVES P4-CL-CURCC-0-BAT-FECAL_PELLET-4-026','2024-05-12 07:53:48.097184','Lou Gene Sibal',2),(142,'Isolate','Created isolate MCC-UPLB MNH-NICER CAVES P4-CL-CURCC-0-BAT-FECAL_PELLET-5-016','2024-05-12 07:53:48.098541','Lou Gene Sibal',2),(143,'Isolate','Created isolate MCC-UPLB MNH-NICER CAVES P4-CL-CURCC-0-BAT-FECAL_PELLET-4-027','2024-05-12 07:53:48.120363','Lou Gene Sibal',2),(144,'Isolate','Created isolate MCC-UPLB MNH-NICER CAVES P4-CL-CURCC-0-BAT-FECAL_PELLET-5-017','2024-05-12 07:53:48.122810','Lou Gene Sibal',2),(145,'Isolate','Created isolate MCC-UPLB MNH-NICER CAVES P4-CL-CURCC-0-BAT-FECAL_PELLET-4-028','2024-05-12 07:53:48.147616','Lou Gene Sibal',2),(146,'Isolate','Created isolate MCC-UPLB MNH-NICER CAVES P4-CL-CURCC-0-BAT-FECAL_PELLET-5-018','2024-05-12 07:53:48.149530','Lou Gene Sibal',2),(147,'Isolate','Created isolate MCC-UPLB MNH-NICER CAVES P4-CL-CURCC-0-BAT-FECAL_PELLET-5-019','2024-05-12 07:53:48.168554','Lou Gene Sibal',2),(148,'Isolate','Created isolate MCC-UPLB MNH-NICER CAVES P4-CL-CURCC-0-BAT-FECAL_PELLET-5-020','2024-05-12 07:53:48.187571','Lou Gene Sibal',2),(149,'Isolate','Created isolate MCC-UPLB MNH-NICER CAVES P4-CL-CURCC-0-BAT-FECAL_PELLET-5-021','2024-05-12 07:53:48.206995','Lou Gene Sibal',2),(150,'Isolate','Created isolate MCC-UPLB MNH-NICER CAVES P4-CL-CURCC-0-BAT-FECAL_PELLET-7-015','2024-05-12 07:53:59.600068','Lou Gene Sibal',2),(151,'Isolate','Created isolate MCC-UPLB MNH-NICER CAVES P4-CL-CURCC-0-BAT-FECAL_PELLET-7-016','2024-05-12 07:53:59.615463','Lou Gene Sibal',2),(152,'Isolate','Created isolate MCC-UPLB MNH-NICER CAVES P4-CL-CURCC-0-BAT-FECAL_PELLET-0-015','2024-05-12 07:53:59.632015','Lou Gene Sibal',2),(153,'Isolate','Created isolate MCC-UPLB MNH-NICER CAVES P4-CL-CURCC-0-BAT-FECAL_PELLET-0-016','2024-05-12 07:53:59.646437','Lou Gene Sibal',2),(154,'Isolate','Created isolate MCC-UPLB MNH-NICER CAVES P4-CL-CURCC-0-BAT-FECAL_PELLET-1-015','2024-05-12 07:53:59.673723','Lou Gene Sibal',2),(155,'Isolate','Created isolate MCC-UPLB MNH-NICER CAVES P4-CL-CURCC-0-BAT-FECAL_PELLET-1-016','2024-05-12 07:53:59.711224','Lou Gene Sibal',2),(156,'Isolate','Created isolate MCC-UPLB MNH-NICER CAVES P4-CL-CURCC-0-BAT-FECAL_PELLET-6-008','2024-05-12 07:53:59.731353','Lou Gene Sibal',2),(157,'Isolate','Created isolate MCC-UPLB MNH-NICER CAVES P4-CL-CURCC-0-BAT-FECAL_PELLET-2-015','2024-05-12 07:53:59.749799','Lou Gene Sibal',2),(158,'Isolate','Created isolate MCC-UPLB MNH-NICER CAVES P4-CL-CURCC-0-BAT-FECAL_PELLET-2-016','2024-05-12 07:53:59.767704','Lou Gene Sibal',2),(159,'Isolate','Created isolate MCC-UPLB MNH-NICER CAVES P4-CL-CURCC-0-BAT-FECAL_PELLET-3-022','2024-05-12 07:53:59.789559','Lou Gene Sibal',2),(160,'Isolate','Created isolate MCC-UPLB MNH-NICER CAVES P4-CL-CURCC-0-BAT-FECAL_PELLET-3-023','2024-05-12 07:53:59.806837','Lou Gene Sibal',2),(161,'Isolate','Created isolate MCC-UPLB MNH-NICER CAVES P4-CL-CURCC-0-BAT-FECAL_PELLET-3-024','2024-05-12 07:53:59.832296','Lou Gene Sibal',2),(162,'Isolate','Created isolate MCC-UPLB MNH-NICER CAVES P4-CL-CURCC-0-BAT-FECAL_PELLET-4-029','2024-05-12 07:53:59.849134','Lou Gene Sibal',2),(163,'Isolate','Created isolate MCC-UPLB MNH-NICER CAVES P4-CL-CURCC-0-BAT-FECAL_PELLET-4-030','2024-05-12 07:53:59.871304','Lou Gene Sibal',2),(164,'Isolate','Created isolate MCC-UPLB MNH-NICER CAVES P4-CL-CURCC-0-BAT-FECAL_PELLET-4-031','2024-05-12 07:53:59.887831','Lou Gene Sibal',2),(165,'Isolate','Created isolate MCC-UPLB MNH-NICER CAVES P4-CL-CURCC-0-BAT-FECAL_PELLET-4-032','2024-05-12 07:53:59.909245','Lou Gene Sibal',2),(166,'Isolate','Created isolate MCC-UPLB MNH-NICER CAVES P4-CL-CURCC-0-BAT-FECAL_PELLET-5-022','2024-05-12 07:53:59.927841','Lou Gene Sibal',2),(167,'Isolate','Created isolate MCC-UPLB MNH-NICER CAVES P4-CL-CURCC-0-BAT-FECAL_PELLET-5-023','2024-05-12 07:53:59.943258','Lou Gene Sibal',2),(168,'Isolate','Created isolate MCC-UPLB MNH-NICER CAVES P4-CL-CURCC-0-BAT-FECAL_PELLET-5-024','2024-05-12 07:53:59.965147','Lou Gene Sibal',2),(169,'Isolate','Created isolate MCC-UPLB MNH-NICER CAVES P4-CL-CURCC-0-BAT-FECAL_PELLET-7-017','2024-05-12 07:54:01.002185','Lou Gene Sibal',2),(170,'Isolate','Created isolate MCC-UPLB MNH-NICER CAVES P4-CL-CURCC-0-BAT-FECAL_PELLET-7-018','2024-05-12 07:54:01.023596','Lou Gene Sibal',2),(171,'Isolate','Created isolate MCC-UPLB MNH-NICER CAVES P4-CL-CURCC-0-BAT-FECAL_PELLET-0-017','2024-05-12 07:54:01.041951','Lou Gene Sibal',2),(172,'Isolate','Created isolate MCC-UPLB MNH-NICER CAVES P4-CL-CURCC-0-BAT-FECAL_PELLET-0-018','2024-05-12 07:54:01.063323','Lou Gene Sibal',2),(173,'Isolate','Created isolate MCC-UPLB MNH-NICER CAVES P4-CL-CURCC-0-BAT-FECAL_PELLET-1-017','2024-05-12 07:54:01.089942','Lou Gene Sibal',2),(174,'Isolate','Created isolate MCC-UPLB MNH-NICER CAVES P4-CL-CURCC-0-BAT-FECAL_PELLET-1-018','2024-05-12 07:54:01.113487','Lou Gene Sibal',2),(175,'Isolate','Created isolate MCC-UPLB MNH-NICER CAVES P4-CL-CURCC-0-BAT-FECAL_PELLET-6-009','2024-05-12 07:54:01.135320','Lou Gene Sibal',2),(176,'Isolate','Created isolate MCC-UPLB MNH-NICER CAVES P4-CL-CURCC-0-BAT-FECAL_PELLET-2-017','2024-05-12 07:54:01.154089','Lou Gene Sibal',2),(177,'Isolate','Created isolate MCC-UPLB MNH-NICER CAVES P4-CL-CURCC-0-BAT-FECAL_PELLET-2-018','2024-05-12 07:54:01.172680','Lou Gene Sibal',2),(178,'Isolate','Created isolate MCC-UPLB MNH-NICER CAVES P4-CL-CURCC-0-BAT-FECAL_PELLET-3-025','2024-05-12 07:54:01.189756','Lou Gene Sibal',2),(179,'Isolate','Created isolate MCC-UPLB MNH-NICER CAVES P4-CL-CURCC-0-BAT-FECAL_PELLET-3-026','2024-05-12 07:54:01.221640','Lou Gene Sibal',2),(180,'Isolate','Created isolate MCC-UPLB MNH-NICER CAVES P4-CL-CURCC-0-BAT-FECAL_PELLET-3-027','2024-05-12 07:54:01.243449','Lou Gene Sibal',2),(181,'Isolate','Created isolate MCC-UPLB MNH-NICER CAVES P4-CL-CURCC-0-BAT-FECAL_PELLET-4-033','2024-05-12 07:54:01.265386','Lou Gene Sibal',2),(182,'Isolate','Created isolate MCC-UPLB MNH-NICER CAVES P4-CL-CURCC-0-BAT-FECAL_PELLET-4-034','2024-05-12 07:54:01.284306','Lou Gene Sibal',2),(183,'Isolate','Created isolate MCC-UPLB MNH-NICER CAVES P4-CL-CURCC-0-BAT-FECAL_PELLET-4-035','2024-05-12 07:54:01.307780','Lou Gene Sibal',2),(184,'Isolate','Created isolate MCC-UPLB MNH-NICER CAVES P4-CL-CURCC-0-BAT-FECAL_PELLET-4-036','2024-05-12 07:54:01.332254','Lou Gene Sibal',2),(185,'Isolate','Created isolate MCC-UPLB MNH-NICER CAVES P4-CL-CURCC-0-BAT-FECAL_PELLET-5-025','2024-05-12 07:54:01.351596','Lou Gene Sibal',2),(186,'Isolate','Created isolate MCC-UPLB MNH-NICER CAVES P4-CL-CURCC-0-BAT-FECAL_PELLET-5-026','2024-05-12 07:54:01.373730','Lou Gene Sibal',2),(187,'Isolate','Created isolate MCC-UPLB MNH-NICER CAVES P4-CL-CURCC-0-BAT-FECAL_PELLET-5-027','2024-05-12 07:54:01.394452','Lou Gene Sibal',2),(188,'Isolate','Created isolate MCC-UPLB MNH-NICER CAVES P4-CL-CURCC-0-BAT-FECAL_PELLET-7-019','2024-05-12 07:54:36.547454','Lou Gene Sibal',2),(189,'Isolate','Created isolate MCC-UPLB MNH-NICER CAVES P4-CL-CURCC-0-BAT-FECAL_PELLET-7-020','2024-05-12 07:54:36.566906','Lou Gene Sibal',2),(190,'Isolate','Created isolate MCC-UPLB MNH-NICER CAVES P4-CL-CURCC-0-BAT-FECAL_PELLET-0-019','2024-05-12 07:54:36.588415','Lou Gene Sibal',2),(191,'Isolate','Created isolate MCC-UPLB MNH-NICER CAVES P4-CL-CURCC-0-BAT-FECAL_PELLET-0-020','2024-05-12 07:54:36.610124','Lou Gene Sibal',2),(192,'Isolate','Created isolate MCC-UPLB MNH-NICER CAVES P4-CL-CURCC-0-BAT-FECAL_PELLET-1-019','2024-05-12 07:54:36.630815','Lou Gene Sibal',2),(193,'Isolate','Created isolate MCC-UPLB MNH-NICER CAVES P4-CL-CURCC-0-BAT-FECAL_PELLET-1-020','2024-05-12 07:54:36.648769','Lou Gene Sibal',2),(194,'Isolate','Created isolate MCC-UPLB MNH-NICER CAVES P4-CL-CURCC-0-BAT-FECAL_PELLET-6-010','2024-05-12 07:54:36.665475','Lou Gene Sibal',2),(195,'Isolate','Created isolate MCC-UPLB MNH-NICER CAVES P4-CL-CURCC-0-BAT-FECAL_PELLET-2-019','2024-05-12 07:54:36.685445','Lou Gene Sibal',2),(196,'Isolate','Created isolate MCC-UPLB MNH-NICER CAVES P4-CL-CURCC-0-BAT-FECAL_PELLET-2-020','2024-05-12 07:54:36.706929','Lou Gene Sibal',2),(197,'Isolate','Created isolate MCC-UPLB MNH-NICER CAVES P4-CL-CURCC-0-BAT-FECAL_PELLET-3-028','2024-05-12 07:54:36.725546','Lou Gene Sibal',2),(198,'Isolate','Created isolate MCC-UPLB MNH-NICER CAVES P4-CL-CURCC-0-BAT-FECAL_PELLET-3-029','2024-05-12 07:54:36.743860','Lou Gene Sibal',2),(199,'Isolate','Created isolate MCC-UPLB MNH-NICER CAVES P4-CL-CURCC-0-BAT-FECAL_PELLET-3-030','2024-05-12 07:54:36.771866','Lou Gene Sibal',2),(200,'Isolate','Created isolate MCC-UPLB MNH-NICER CAVES P4-CL-CURCC-0-BAT-FECAL_PELLET-4-037','2024-05-12 07:54:36.791926','Lou Gene Sibal',2),(201,'Isolate','Created isolate MCC-UPLB MNH-NICER CAVES P4-CL-CURCC-0-BAT-FECAL_PELLET-4-038','2024-05-12 07:54:36.810013','Lou Gene Sibal',2),(202,'Isolate','Created isolate MCC-UPLB MNH-NICER CAVES P4-CL-CURCC-0-BAT-FECAL_PELLET-4-039','2024-05-12 07:54:36.833683','Lou Gene Sibal',2),(203,'Isolate','Created isolate MCC-UPLB MNH-NICER CAVES P4-CL-CURCC-0-BAT-FECAL_PELLET-4-040','2024-05-12 07:54:36.854389','Lou Gene Sibal',2),(204,'Isolate','Created isolate MCC-UPLB MNH-NICER CAVES P4-CL-CURCC-0-BAT-FECAL_PELLET-5-028','2024-05-12 07:54:36.873747','Lou Gene Sibal',2),(205,'Isolate','Created isolate MCC-UPLB MNH-NICER CAVES P4-CL-CURCC-0-BAT-FECAL_PELLET-5-029','2024-05-12 07:54:36.896217','Lou Gene Sibal',2),(206,'Isolate','Created isolate MCC-UPLB MNH-NICER CAVES P4-CL-CURCC-0-BAT-FECAL_PELLET-5-030','2024-05-12 07:54:36.917799','Lou Gene Sibal',2),(207,'Isolate','Created isolate MCC-UPLB MNH-NICER CAVES P4-CL-CURCC-0-BAT-FECAL_PELLET-7-021','2024-05-12 07:54:38.016821','Lou Gene Sibal',2),(208,'Isolate','Created isolate MCC-UPLB MNH-NICER CAVES P4-CL-CURCC-0-BAT-FECAL_PELLET-7-022','2024-05-12 07:54:38.037383','Lou Gene Sibal',2),(209,'Isolate','Created isolate MCC-UPLB MNH-NICER CAVES P4-CL-CURCC-0-BAT-FECAL_PELLET-0-021','2024-05-12 07:54:38.053002','Lou Gene Sibal',2),(210,'Isolate','Created isolate MCC-UPLB MNH-NICER CAVES P4-CL-CURCC-0-BAT-FECAL_PELLET-0-022','2024-05-12 07:54:38.072260','Lou Gene Sibal',2),(211,'Isolate','Created isolate MCC-UPLB MNH-NICER CAVES P4-CL-CURCC-0-BAT-FECAL_PELLET-1-021','2024-05-12 07:54:38.093587','Lou Gene Sibal',2),(212,'Isolate','Created isolate MCC-UPLB MNH-NICER CAVES P4-CL-CURCC-0-BAT-FECAL_PELLET-1-022','2024-05-12 07:54:38.113100','Lou Gene Sibal',2),(213,'Isolate','Created isolate MCC-UPLB MNH-NICER CAVES P4-CL-CURCC-0-BAT-FECAL_PELLET-6-011','2024-05-12 07:54:38.137185','Lou Gene Sibal',2),(214,'Isolate','Created isolate MCC-UPLB MNH-NICER CAVES P4-CL-CURCC-0-BAT-FECAL_PELLET-2-021','2024-05-12 07:54:38.157471','Lou Gene Sibal',2),(215,'Isolate','Created isolate MCC-UPLB MNH-NICER CAVES P4-CL-CURCC-0-BAT-FECAL_PELLET-2-022','2024-05-12 07:54:38.177951','Lou Gene Sibal',2),(216,'Isolate','Created isolate MCC-UPLB MNH-NICER CAVES P4-CL-CURCC-0-BAT-FECAL_PELLET-3-031','2024-05-12 07:54:38.194078','Lou Gene Sibal',2),(217,'Isolate','Created isolate MCC-UPLB MNH-NICER CAVES P4-CL-CURCC-0-BAT-FECAL_PELLET-3-032','2024-05-12 07:54:38.210289','Lou Gene Sibal',2),(218,'Isolate','Created isolate MCC-UPLB MNH-NICER CAVES P4-CL-CURCC-0-BAT-FECAL_PELLET-3-033','2024-05-12 07:54:38.229770','Lou Gene Sibal',2),(219,'Isolate','Created isolate MCC-UPLB MNH-NICER CAVES P4-CL-CURCC-0-BAT-FECAL_PELLET-4-041','2024-05-12 07:54:38.250781','Lou Gene Sibal',2),(220,'Isolate','Created isolate MCC-UPLB MNH-NICER CAVES P4-CL-CURCC-0-BAT-FECAL_PELLET-7-023','2024-05-12 07:54:38.251931','Lou Gene Sibal',2),(221,'Isolate','Created isolate MCC-UPLB MNH-NICER CAVES P4-CL-CURCC-0-BAT-FECAL_PELLET-4-042','2024-05-12 07:54:38.276260','Lou Gene Sibal',2),(222,'Isolate','Created isolate MCC-UPLB MNH-NICER CAVES P4-CL-CURCC-0-BAT-FECAL_PELLET-7-024','2024-05-12 07:54:38.278818','Lou Gene Sibal',2),(223,'Isolate','Created isolate MCC-UPLB MNH-NICER CAVES P4-CL-CURCC-0-BAT-FECAL_PELLET-0-023','2024-05-12 07:54:38.310063','Lou Gene Sibal',2),(224,'Isolate','Created isolate MCC-UPLB MNH-NICER CAVES P4-CL-CURCC-0-BAT-FECAL_PELLET-4-043','2024-05-12 07:54:38.312450','Lou Gene Sibal',2),(225,'Isolate','Created isolate MCC-UPLB MNH-NICER CAVES P4-CL-CURCC-0-BAT-FECAL_PELLET-0-024','2024-05-12 07:54:38.347194','Lou Gene Sibal',2),(226,'Isolate','Created isolate MCC-UPLB MNH-NICER CAVES P4-CL-CURCC-0-BAT-FECAL_PELLET-4-044','2024-05-12 07:54:38.349752','Lou Gene Sibal',2),(227,'Isolate','Created isolate MCC-UPLB MNH-NICER CAVES P4-CL-CURCC-0-BAT-FECAL_PELLET-1-023','2024-05-12 07:54:38.427218','Lou Gene Sibal',2),(228,'Isolate','Created isolate MCC-UPLB MNH-NICER CAVES P4-CL-CURCC-0-BAT-FECAL_PELLET-5-031','2024-05-12 07:54:38.437787','Lou Gene Sibal',2),(229,'Isolate','Created isolate MCC-UPLB MNH-NICER CAVES P4-CL-CURCC-0-BAT-FECAL_PELLET-1-024','2024-05-12 07:54:38.455561','Lou Gene Sibal',2),(230,'Isolate','Created isolate MCC-UPLB MNH-NICER CAVES P4-CL-CURCC-0-BAT-FECAL_PELLET-5-032','2024-05-12 07:54:38.466216','Lou Gene Sibal',2),(231,'Isolate','Created isolate MCC-UPLB MNH-NICER CAVES P4-CL-CURCC-0-BAT-FECAL_PELLET-6-012','2024-05-12 07:54:38.496851','Lou Gene Sibal',2),(232,'Isolate','Created isolate MCC-UPLB MNH-NICER CAVES P4-CL-CURCC-0-BAT-FECAL_PELLET-5-033','2024-05-12 07:54:38.514640','Lou Gene Sibal',2),(233,'Isolate','Created isolate MCC-UPLB MNH-NICER CAVES P4-CL-CURCC-0-BAT-FECAL_PELLET-7-025','2024-05-12 07:54:38.533069','Lou Gene Sibal',2),(234,'Isolate','Created isolate MCC-UPLB MNH-NICER CAVES P4-CL-CURCC-0-BAT-FECAL_PELLET-2-023','2024-05-12 07:54:38.554488','Lou Gene Sibal',2),(235,'Isolate','Created isolate MCC-UPLB MNH-NICER CAVES P4-CL-CURCC-0-BAT-FECAL_PELLET-7-026','2024-05-12 07:54:38.576572','Lou Gene Sibal',2),(236,'Isolate','Created isolate MCC-UPLB MNH-NICER CAVES P4-CL-CURCC-0-BAT-FECAL_PELLET-2-024','2024-05-12 07:54:38.600650','Lou Gene Sibal',2),(237,'Isolate','Created isolate MCC-UPLB MNH-NICER CAVES P4-CL-CURCC-0-BAT-FECAL_PELLET-0-025','2024-05-12 07:54:38.629037','Lou Gene Sibal',2),(238,'Isolate','Created isolate MCC-UPLB MNH-NICER CAVES P4-CL-CURCC-0-BAT-FECAL_PELLET-3-034','2024-05-12 07:54:38.654446','Lou Gene Sibal',2),(239,'Isolate','Created isolate MCC-UPLB MNH-NICER CAVES P4-CL-CURCC-0-BAT-FECAL_PELLET-7-027','2024-05-12 07:54:38.663084','Lou Gene Sibal',2),(240,'Isolate','Created isolate MCC-UPLB MNH-NICER CAVES P4-CL-CURCC-0-BAT-FECAL_PELLET-0-026','2024-05-12 07:54:38.684017','Lou Gene Sibal',2),(241,'Isolate','Created isolate MCC-UPLB MNH-NICER CAVES P4-CL-CURCC-0-BAT-FECAL_PELLET-3-035','2024-05-12 07:54:38.712087','Lou Gene Sibal',2),(242,'Isolate','Created isolate MCC-UPLB MNH-NICER CAVES P4-CL-CURCC-0-BAT-FECAL_PELLET-7-028','2024-05-12 07:54:38.724102','Lou Gene Sibal',2),(243,'Isolate','Created isolate MCC-UPLB MNH-NICER CAVES P4-CL-CURCC-0-BAT-FECAL_PELLET-1-025','2024-05-12 07:54:38.746287','Lou Gene Sibal',2),(244,'Isolate','Created isolate MCC-UPLB MNH-NICER CAVES P4-CL-CURCC-0-BAT-FECAL_PELLET-7-029','2024-05-12 07:54:38.762325','Lou Gene Sibal',2),(245,'Isolate','Created isolate MCC-UPLB MNH-NICER CAVES P4-CL-CURCC-0-BAT-FECAL_PELLET-3-036','2024-05-12 07:54:38.778926','Lou Gene Sibal',2),(246,'Isolate','Created isolate MCC-UPLB MNH-NICER CAVES P4-CL-CURCC-0-BAT-FECAL_PELLET-0-027','2024-05-12 07:54:38.780535','Lou Gene Sibal',2),(247,'Isolate','Created isolate MCC-UPLB MNH-NICER CAVES P4-CL-CURCC-0-BAT-FECAL_PELLET-1-026','2024-05-12 07:54:38.802090','Lou Gene Sibal',2),(248,'Isolate','Created isolate MCC-UPLB MNH-NICER CAVES P4-CL-CURCC-0-BAT-FECAL_PELLET-7-030','2024-05-12 07:54:38.821113','Lou Gene Sibal',2),(249,'Isolate','Created isolate MCC-UPLB MNH-NICER CAVES P4-CL-CURCC-0-BAT-FECAL_PELLET-4-045','2024-05-12 07:54:38.833691','Lou Gene Sibal',2),(250,'Isolate','Created isolate MCC-UPLB MNH-NICER CAVES P4-CL-CURCC-0-BAT-FECAL_PELLET-0-028','2024-05-12 07:54:38.838338','Lou Gene Sibal',2),(251,'Isolate','Created isolate MCC-UPLB MNH-NICER CAVES P4-CL-CURCC-0-BAT-FECAL_PELLET-6-013','2024-05-12 07:54:38.861331','Lou Gene Sibal',2),(252,'Isolate','Created isolate MCC-UPLB MNH-NICER CAVES P4-CL-CURCC-0-BAT-FECAL_PELLET-0-029','2024-05-12 07:54:38.879554','Lou Gene Sibal',2),(253,'Isolate','Created isolate MCC-UPLB MNH-NICER CAVES P4-CL-CURCC-0-BAT-FECAL_PELLET-1-027','2024-05-12 07:54:38.889992','Lou Gene Sibal',2),(254,'Isolate','Created isolate MCC-UPLB MNH-NICER CAVES P4-CL-CURCC-0-BAT-FECAL_PELLET-4-046','2024-05-12 07:54:38.891525','Lou Gene Sibal',2),(255,'Isolate','Created isolate MCC-UPLB MNH-NICER CAVES P4-CL-CURCC-0-BAT-FECAL_PELLET-2-025','2024-05-12 07:54:38.915926','Lou Gene Sibal',2),(256,'Isolate','Created isolate MCC-UPLB MNH-NICER CAVES P4-CL-CURCC-0-BAT-FECAL_PELLET-1-028','2024-05-12 07:54:38.941479','Lou Gene Sibal',2),(257,'Isolate','Created isolate MCC-UPLB MNH-NICER CAVES P4-CL-CURCC-0-BAT-FECAL_PELLET-0-030','2024-05-12 07:54:38.943276','Lou Gene Sibal',2),(258,'Isolate','Created isolate MCC-UPLB MNH-NICER CAVES P4-CL-CURCC-0-BAT-FECAL_PELLET-4-047','2024-05-12 07:54:38.950188','Lou Gene Sibal',2),(259,'Isolate','Created isolate MCC-UPLB MNH-NICER CAVES P4-CL-CURCC-0-BAT-FECAL_PELLET-2-026','2024-05-12 07:54:38.976502','Lou Gene Sibal',2),(260,'Isolate','Created isolate MCC-UPLB MNH-NICER CAVES P4-CL-CURCC-0-BAT-FECAL_PELLET-1-029','2024-05-12 07:54:38.997991','Lou Gene Sibal',2),(261,'Isolate','Created isolate MCC-UPLB MNH-NICER CAVES P4-CL-CURCC-0-BAT-FECAL_PELLET-6-014','2024-05-12 07:54:39.004162','Lou Gene Sibal',2),(262,'Isolate','Created isolate MCC-UPLB MNH-NICER CAVES P4-CL-CURCC-0-BAT-FECAL_PELLET-4-048','2024-05-12 07:54:39.008656','Lou Gene Sibal',2),(263,'Isolate','Created isolate MCC-UPLB MNH-NICER CAVES P4-CL-CURCC-0-BAT-FECAL_PELLET-3-037','2024-05-12 07:54:39.045155','Lou Gene Sibal',2),(264,'Isolate','Created isolate MCC-UPLB MNH-NICER CAVES P4-CL-CURCC-0-BAT-FECAL_PELLET-2-027','2024-05-12 07:54:39.071022','Lou Gene Sibal',2),(265,'Isolate','Created isolate MCC-UPLB MNH-NICER CAVES P4-CL-CURCC-0-BAT-FECAL_PELLET-1-030','2024-05-12 07:54:39.072722','Lou Gene Sibal',2),(266,'Isolate','Created isolate MCC-UPLB MNH-NICER CAVES P4-CL-CURCC-0-BAT-FECAL_PELLET-5-034','2024-05-12 07:54:39.086144','Lou Gene Sibal',2),(267,'Isolate','Created isolate MCC-UPLB MNH-NICER CAVES P4-CL-CURCC-0-BAT-FECAL_PELLET-3-038','2024-05-12 07:54:39.116383','Lou Gene Sibal',2),(268,'Isolate','Created isolate MCC-UPLB MNH-NICER CAVES P4-CL-CURCC-0-BAT-FECAL_PELLET-7-031','2024-05-12 07:54:39.129770','Lou Gene Sibal',2),(269,'Isolate','Created isolate MCC-UPLB MNH-NICER CAVES P4-CL-CURCC-0-BAT-FECAL_PELLET-6-015','2024-05-12 07:54:39.152176','Lou Gene Sibal',2),(270,'Isolate','Created isolate MCC-UPLB MNH-NICER CAVES P4-CL-CURCC-0-BAT-FECAL_PELLET-2-028','2024-05-12 07:54:39.156057','Lou Gene Sibal',2),(271,'Isolate','Created isolate MCC-UPLB MNH-NICER CAVES P4-CL-CURCC-0-BAT-FECAL_PELLET-5-035','2024-05-12 07:54:39.166200','Lou Gene Sibal',2),(272,'Isolate','Created isolate MCC-UPLB MNH-NICER CAVES P4-CL-CURCC-0-BAT-FECAL_PELLET-3-039','2024-05-12 07:54:39.191993','Lou Gene Sibal',2),(273,'Isolate','Created isolate MCC-UPLB MNH-NICER CAVES P4-CL-CURCC-0-BAT-FECAL_PELLET-7-032','2024-05-12 07:54:39.205853','Lou Gene Sibal',2),(274,'Isolate','Created isolate MCC-UPLB MNH-NICER CAVES P4-CL-CURCC-0-BAT-FECAL_PELLET-3-040','2024-05-12 07:54:39.233071','Lou Gene Sibal',2),(275,'Isolate','Created isolate MCC-UPLB MNH-NICER CAVES P4-CL-CURCC-0-BAT-FECAL_PELLET-2-029','2024-05-12 07:54:39.243987','Lou Gene Sibal',2),(276,'Isolate','Created isolate MCC-UPLB MNH-NICER CAVES P4-CL-CURCC-0-BAT-FECAL_PELLET-5-036','2024-05-12 07:54:39.243044','Lou Gene Sibal',2),(277,'Isolate','Created isolate MCC-UPLB MNH-NICER CAVES P4-CL-CURCC-0-BAT-FECAL_PELLET-4-049','2024-05-12 07:54:39.269324','Lou Gene Sibal',2),(278,'Isolate','Created isolate MCC-UPLB MNH-NICER CAVES P4-CL-CURCC-0-BAT-FECAL_PELLET-0-031','2024-05-12 07:54:39.284704','Lou Gene Sibal',2),(279,'Isolate','Created isolate MCC-UPLB MNH-NICER CAVES P4-CL-CURCC-0-BAT-FECAL_PELLET-2-030','2024-05-12 07:54:39.303947','Lou Gene Sibal',2),(280,'Isolate','Created isolate MCC-UPLB MNH-NICER CAVES P4-CL-CURCC-0-BAT-FECAL_PELLET-3-041','2024-05-12 07:54:39.310591','Lou Gene Sibal',2),(281,'Isolate','Created isolate MCC-UPLB MNH-NICER CAVES P4-CL-CURCC-0-BAT-FECAL_PELLET-4-050','2024-05-12 07:54:39.331793','Lou Gene Sibal',2),(282,'Isolate','Created isolate MCC-UPLB MNH-NICER CAVES P4-CL-CURCC-0-BAT-FECAL_PELLET-0-032','2024-05-12 07:54:39.350398','Lou Gene Sibal',2),(283,'Isolate','Created isolate MCC-UPLB MNH-NICER CAVES P4-CL-CURCC-0-BAT-FECAL_PELLET-3-042','2024-05-12 07:54:39.369446','Lou Gene Sibal',2),(284,'Isolate','Created isolate MCC-UPLB MNH-NICER CAVES P4-CL-CURCC-0-BAT-FECAL_PELLET-3-042','2024-05-12 07:54:39.376232','Lou Gene Sibal',2),(285,'Isolate','Created isolate MCC-UPLB MNH-NICER CAVES P4-CL-CURCC-0-BAT-FECAL_PELLET-4-051','2024-05-12 07:54:39.390906','Lou Gene Sibal',2),(286,'Isolate','Created isolate MCC-UPLB MNH-NICER CAVES P4-CL-CURCC-0-BAT-FECAL_PELLET-1-031','2024-05-12 07:54:39.408760','Lou Gene Sibal',2),(287,'Isolate','Created isolate MCC-UPLB MNH-NICER CAVES P4-CL-CURCC-0-BAT-FECAL_PELLET-4-052','2024-05-12 07:54:39.432634','Lou Gene Sibal',2),(288,'Isolate','Created isolate MCC-UPLB MNH-NICER CAVES P4-CL-CURCC-0-BAT-FECAL_PELLET-3-044','2024-05-12 07:54:39.429103','Lou Gene Sibal',2),(289,'Isolate','Created isolate MCC-UPLB MNH-NICER CAVES P4-CL-CURCC-0-BAT-FECAL_PELLET-4-053','2024-05-12 07:54:39.451397','Lou Gene Sibal',2),(290,'Isolate','Created isolate MCC-UPLB MNH-NICER CAVES P4-CL-CURCC-0-BAT-FECAL_PELLET-1-032','2024-05-12 07:54:39.460582','Lou Gene Sibal',2),(291,'Isolate','Created isolate MCC-UPLB MNH-NICER CAVES P4-CL-CURCC-0-BAT-FECAL_PELLET-4-054','2024-05-12 07:54:39.483414','Lou Gene Sibal',2),(292,'Isolate','Created isolate MCC-UPLB MNH-NICER CAVES P4-CL-CURCC-0-BAT-FECAL_PELLET-3-045','2024-05-12 07:54:39.485060','Lou Gene Sibal',2),(293,'Isolate','Created isolate MCC-UPLB MNH-NICER CAVES P4-CL-CURCC-0-BAT-FECAL_PELLET-5-037','2024-05-12 07:54:39.512689','Lou Gene Sibal',2),(294,'Isolate','Created isolate MCC-UPLB MNH-NICER CAVES P4-CL-CURCC-0-BAT-FECAL_PELLET-6-016','2024-05-12 07:54:39.519341','Lou Gene Sibal',2),(295,'Isolate','Created isolate MCC-UPLB MNH-NICER CAVES P4-CL-CURCC-0-BAT-FECAL_PELLET-4-055','2024-05-12 07:54:39.545258','Lou Gene Sibal',2),(296,'Isolate','Created isolate MCC-UPLB MNH-NICER CAVES P4-CL-CURCC-0-BAT-FECAL_PELLET-4-055','2024-05-12 07:54:39.552466','Lou Gene Sibal',2),(297,'Isolate','Created isolate MCC-UPLB MNH-NICER CAVES P4-CL-CURCC-0-BAT-FECAL_PELLET-5-038','2024-05-12 07:54:39.576989','Lou Gene Sibal',2),(298,'Isolate','Created isolate MCC-UPLB MNH-NICER CAVES P4-CL-CURCC-0-BAT-FECAL_PELLET-2-031','2024-05-12 07:54:39.578398','Lou Gene Sibal',2),(299,'Isolate','Created isolate MCC-UPLB MNH-NICER CAVES P4-CL-CURCC-0-BAT-FECAL_PELLET-4-057','2024-05-12 07:54:39.607316','Lou Gene Sibal',2),(300,'Isolate','Created isolate MCC-UPLB MNH-NICER CAVES P4-CL-CURCC-0-BAT-FECAL_PELLET-4-057','2024-05-12 07:54:39.616989','Lou Gene Sibal',2),(301,'Isolate','Created isolate MCC-UPLB MNH-NICER CAVES P4-CL-CURCC-0-BAT-FECAL_PELLET-2-032','2024-05-12 07:54:39.641484','Lou Gene Sibal',2),(302,'Isolate','Created isolate MCC-UPLB MNH-NICER CAVES P4-CL-CURCC-0-BAT-FECAL_PELLET-5-039','2024-05-12 07:54:39.644083','Lou Gene Sibal',2),(303,'Isolate','Created isolate MCC-UPLB MNH-NICER CAVES P4-CL-CURCC-0-BAT-FECAL_PELLET-5-040','2024-05-12 07:54:39.677741','Lou Gene Sibal',2),(304,'Isolate','Created isolate MCC-UPLB MNH-NICER CAVES P4-CL-CURCC-0-BAT-FECAL_PELLET-4-059','2024-05-12 07:54:39.681538','Lou Gene Sibal',2),(305,'Isolate','Created isolate MCC-UPLB MNH-NICER CAVES P4-CL-CURCC-0-BAT-FECAL_PELLET-3-046','2024-05-12 07:54:39.706103','Lou Gene Sibal',2),(306,'Isolate','Created isolate MCC-UPLB MNH-NICER CAVES P4-CL-CURCC-0-BAT-FECAL_PELLET-5-041','2024-05-12 07:54:39.739288','Lou Gene Sibal',2),(307,'Isolate','Created isolate MCC-UPLB MNH-NICER CAVES P4-CL-CURCC-0-BAT-FECAL_PELLET-4-060','2024-05-12 07:54:39.741292','Lou Gene Sibal',2),(308,'Isolate','Created isolate MCC-UPLB MNH-NICER CAVES P4-CL-CURCC-0-BAT-FECAL_PELLET-3-047','2024-05-12 07:54:39.759943','Lou Gene Sibal',2),(309,'Isolate','Created isolate MCC-UPLB MNH-NICER CAVES P4-CL-CURCC-0-BAT-FECAL_PELLET-5-042','2024-05-12 07:54:39.791189','Lou Gene Sibal',2),(310,'Isolate','Created isolate MCC-UPLB MNH-NICER CAVES P4-CL-CURCC-0-BAT-FECAL_PELLET-5-042','2024-05-12 07:54:39.796494','Lou Gene Sibal',2),(311,'Isolate','Created isolate MCC-UPLB MNH-NICER CAVES P4-CL-CURCC-0-BAT-FECAL_PELLET-3-048','2024-05-12 07:54:39.811078','Lou Gene Sibal',2),(312,'Isolate','Created isolate MCC-UPLB MNH-NICER CAVES P4-CL-CURCC-0-BAT-FECAL_PELLET-5-044','2024-05-12 07:54:39.838744','Lou Gene Sibal',2),(313,'Isolate','Created isolate MCC-UPLB MNH-NICER CAVES P4-CL-CURCC-0-BAT-FECAL_PELLET-4-061','2024-05-12 07:54:39.851132','Lou Gene Sibal',2),(314,'Isolate','Created isolate MCC-UPLB MNH-NICER CAVES P4-CL-CURCC-0-BAT-FECAL_PELLET-5-045','2024-05-12 07:54:39.865396','Lou Gene Sibal',2),(315,'Isolate','Created isolate MCC-UPLB MNH-NICER CAVES P4-CL-CURCC-0-BAT-FECAL_PELLET-4-062','2024-05-12 07:54:39.882002','Lou Gene Sibal',2),(316,'Isolate','Created isolate MCC-UPLB MNH-NICER CAVES P4-CL-CURCC-0-BAT-FECAL_PELLET-4-063','2024-05-12 07:54:39.901987','Lou Gene Sibal',2),(317,'Isolate','Created isolate MCC-UPLB MNH-NICER CAVES P4-CL-CURCC-0-BAT-FECAL_PELLET-4-064','2024-05-12 07:54:39.918311','Lou Gene Sibal',2),(318,'Isolate','Created isolate MCC-UPLB MNH-NICER CAVES P4-CL-CURCC-0-BAT-FECAL_PELLET-5-046','2024-05-12 07:54:39.939692','Lou Gene Sibal',2),(319,'Isolate','Created isolate MCC-UPLB MNH-NICER CAVES P4-CL-CURCC-0-BAT-FECAL_PELLET-5-047','2024-05-12 07:54:39.958200','Lou Gene Sibal',2),(320,'Isolate','Created isolate MCC-UPLB MNH-NICER CAVES P4-CL-CURCC-0-BAT-FECAL_PELLET-5-048','2024-05-12 07:54:39.972455','Lou Gene Sibal',2),(321,'Isolate','Deleted isolate MCC-UPLB MNH-NICER CAVES P4-CL-CURCC-0-BAT-FECAL_PELLET-2-004','2024-05-12 07:55:57.721198','Lou Gene Sibal',2),(322,'Isolate','Deleted isolate MCC-UPLB MNH-NICER CAVES P4-CL-CURCC-0-BAT-FECAL_PELLET-7-001','2024-05-12 07:56:45.428934','Lou Gene Sibal',2),(323,'Isolate','Deleted isolate MCC-UPLB MNH-NICER CAVES P4-CL-CURCC-0-BAT-FECAL_PELLET-7-002','2024-05-12 07:56:48.043690','Lou Gene Sibal',2),(324,'Isolate','Deleted isolate MCC-UPLB MNH-NICER CAVES P4-CL-CURCC-0-BAT-FECAL_PELLET-5-048','2024-05-12 07:56:53.793003','Lou Gene Sibal',2),(325,'Isolate','Deleted isolate MCC-UPLB MNH-NICER CAVES P4-CL-CURCC-0-BAT-FECAL_PELLET-0-001','2024-05-12 07:56:57.196365','Lou Gene Sibal',2),(326,'Isolate','Deleted isolate MCC-UPLB MNH-NICER CAVES P4-CL-CURCC-0-BAT-FECAL_PELLET-0-002','2024-05-12 07:56:59.753159','Lou Gene Sibal',2),(327,'Isolate','Deleted isolate MCC-UPLB MNH-NICER CAVES P4-CL-CURCC-0-BAT-FECAL_PELLET-1-001','2024-05-12 07:57:13.244554','Lou Gene Sibal',2),(328,'Isolate','Created isolate MCC-UPLB MNH-NICER CAVES P4-CL-CURCC-0-BAT-FECAL_PELLET-7-001','2024-05-12 08:01:09.467161','Lou Gene Sibal',2),(329,'Isolate','Created isolate MCC-UPLB MNH-NICER CAVES P4-CL-CURCC-0-BAT-FECAL_PELLET-7-002','2024-05-12 08:01:09.512052','Lou Gene Sibal',2),(330,'Isolate','Created isolate MCC-UPLB MNH-NICER CAVES P4-CL-CURCC-0-BAT-FECAL_PELLET-0-001','2024-05-12 08:01:09.543993','Lou Gene Sibal',2),(331,'Isolate','Created isolate MCC-UPLB MNH-NICER CAVES P4-CL-CURCC-0-BAT-FECAL_PELLET-0-002','2024-05-12 08:01:09.567898','Lou Gene Sibal',2),(332,'Isolate','Created isolate MCC-UPLB MNH-NICER CAVES P4-CL-CURCC-0-BAT-FECAL_PELLET-1-001','2024-05-12 08:01:09.585707','Lou Gene Sibal',2),(333,'Isolate','Created isolate MCC-UPLB MNH-NICER CAVES P4-CL-CURCC-0-BAT-FECAL_PELLET-1-002','2024-05-12 08:01:09.625824','Lou Gene Sibal',2),(334,'Isolate','Created isolate MCC-UPLB MNH-NICER CAVES P4-CL-CURCC-0-BAT-FECAL_PELLET-6-001','2024-05-12 08:01:09.650595','Lou Gene Sibal',2),(335,'Isolate','Created isolate MCC-UPLB MNH-NICER CAVES P4-CL-CURCC-0-BAT-FECAL_PELLET-2-001','2024-05-12 08:01:09.690937','Lou Gene Sibal',2),(336,'Isolate','Created isolate MCC-UPLB MNH-NICER CAVES P4-CL-CURCC-0-BAT-FECAL_PELLET-2-002','2024-05-12 08:01:09.727827','Lou Gene Sibal',2),(337,'Isolate','Created isolate MCC-UPLB MNH-NICER CAVES P4-CL-CURCC-0-BAT-FECAL_PELLET-3-001','2024-05-12 08:01:09.751946','Lou Gene Sibal',2),(338,'Isolate','Created isolate MCC-UPLB MNH-NICER CAVES P4-CL-CURCC-0-BAT-FECAL_PELLET-3-002','2024-05-12 08:01:09.784541','Lou Gene Sibal',2),(339,'Isolate','Created isolate MCC-UPLB MNH-NICER CAVES P4-CL-CURCC-0-BAT-FECAL_PELLET-3-003','2024-05-12 08:01:09.815380','Lou Gene Sibal',2),(340,'Isolate','Created isolate MCC-UPLB MNH-NICER CAVES P4-CL-CURCC-0-BAT-FECAL_PELLET-4-001','2024-05-12 08:01:09.843439','Lou Gene Sibal',2),(341,'Isolate','Created isolate MCC-UPLB MNH-NICER CAVES P4-CL-CURCC-0-BAT-FECAL_PELLET-4-002','2024-05-12 08:01:09.875157','Lou Gene Sibal',2),(342,'Isolate','Created isolate MCC-UPLB MNH-NICER CAVES P4-CL-CURCC-0-BAT-FECAL_PELLET-4-003','2024-05-12 08:01:09.895913','Lou Gene Sibal',2),(343,'Isolate','Created isolate MCC-UPLB MNH-NICER CAVES P4-CL-CURCC-0-BAT-FECAL_PELLET-4-004','2024-05-12 08:01:09.921870','Lou Gene Sibal',2),(344,'Isolate','Created isolate MCC-UPLB MNH-NICER CAVES P4-CL-CURCC-0-BAT-FECAL_PELLET-5-001','2024-05-12 08:01:09.950390','Lou Gene Sibal',2),(345,'Isolate','Created isolate MCC-UPLB MNH-NICER CAVES P4-CL-CURCC-0-BAT-FECAL_PELLET-5-002','2024-05-12 08:01:09.976993','Lou Gene Sibal',2),(346,'Isolate','Created isolate MCC-UPLB MNH-NICER CAVES P4-CL-CURCC-0-BAT-FECAL_PELLET-5-003','2024-05-12 08:01:10.003763','Lou Gene Sibal',2),(347,'Isolate','Created isolate MCC-UPLB MNH-NICER CAVES P4-CL-CURCC-0-BAT-FECAL_PELLET-7-001','2024-05-12 08:23:35.532660','Lou Gene Sibal',2),(348,'Isolate','Created isolate MCC-UPLB MNH-NICER CAVES P4-CL-CURCC-0-BAT-FECAL_PELLET-7-002','2024-05-12 08:23:35.547983','Lou Gene Sibal',2),(349,'Isolate','Created isolate MCC-UPLB MNH-NICER CAVES P4-CL-CURCC-0-BAT-FECAL_PELLET-0-001','2024-05-12 08:23:35.560658','Lou Gene Sibal',2),(350,'Isolate','Created isolate MCC-UPLB MNH-NICER CAVES P4-CL-CURCC-0-BAT-FECAL_PELLET-0-002','2024-05-12 08:23:35.575392','Lou Gene Sibal',2),(351,'Isolate','Created isolate MCC-UPLB MNH-NICER CAVES P4-CL-CURCC-0-BAT-FECAL_PELLET-1-001','2024-05-12 08:23:35.592087','Lou Gene Sibal',2),(352,'Isolate','Created isolate MCC-UPLB MNH-NICER CAVES P4-CL-CURCC-0-BAT-FECAL_PELLET-1-002','2024-05-12 08:23:35.615944','Lou Gene Sibal',2),(353,'Isolate','Created isolate MCC-UPLB MNH-NICER CAVES P4-CL-CURCC-0-BAT-FECAL_PELLET-6-001','2024-05-12 08:23:35.639532','Lou Gene Sibal',2),(354,'Isolate','Created isolate MCC-UPLB MNH-NICER CAVES P4-CL-CURCC-0-BAT-FECAL_PELLET-2-001','2024-05-12 08:23:35.663926','Lou Gene Sibal',2),(355,'Isolate','Created isolate MCC-UPLB MNH-NICER CAVES P4-CL-CURCC-0-BAT-FECAL_PELLET-2-002','2024-05-12 08:23:35.690791','Lou Gene Sibal',2),(356,'Isolate','Created isolate MCC-UPLB MNH-NICER CAVES P4-CL-CURCC-0-BAT-FECAL_PELLET-3-001','2024-05-12 08:23:35.711551','Lou Gene Sibal',2),(357,'Isolate','Created isolate MCC-UPLB MNH-NICER CAVES P4-CL-CURCC-0-BAT-FECAL_PELLET-3-002','2024-05-12 08:23:35.734217','Lou Gene Sibal',2),(358,'Isolate','Created isolate MCC-UPLB MNH-NICER CAVES P4-CL-CURCC-0-BAT-FECAL_PELLET-3-003','2024-05-12 08:23:35.752509','Lou Gene Sibal',2),(359,'Isolate','Created isolate MCC-UPLB MNH-NICER CAVES P4-CL-CURCC-0-BAT-FECAL_PELLET-4-001','2024-05-12 08:23:35.775193','Lou Gene Sibal',2),(360,'Isolate','Created isolate MCC-UPLB MNH-NICER CAVES P4-CL-CURCC-0-BAT-FECAL_PELLET-4-002','2024-05-12 08:23:35.810225','Lou Gene Sibal',2),(361,'Isolate','Created isolate MCC-UPLB MNH-NICER CAVES P4-CL-CURCC-0-BAT-FECAL_PELLET-4-003','2024-05-12 08:23:35.845109','Lou Gene Sibal',2),(362,'Isolate','Created isolate MCC-UPLB MNH-NICER CAVES P4-CL-CURCC-0-BAT-FECAL_PELLET-4-004','2024-05-12 08:23:35.883159','Lou Gene Sibal',2),(363,'Isolate','Created isolate MCC-UPLB MNH-NICER CAVES P4-CL-CURCC-0-BAT-FECAL_PELLET-5-001','2024-05-12 08:23:35.905338','Lou Gene Sibal',2),(364,'Isolate','Created isolate MCC-UPLB MNH-NICER CAVES P4-CL-CURCC-0-BAT-FECAL_PELLET-5-002','2024-05-12 08:23:35.929824','Lou Gene Sibal',2),(365,'Isolate','Created isolate MCC-UPLB MNH-NICER CAVES P4-CL-CURCC-0-BAT-FECAL_PELLET-5-003','2024-05-12 08:23:35.949005','Lou Gene Sibal',2),(366,'Isolate','Created isolate MCC-UPLB MNH-NICER CAVES P4-CL-CURCC-0-BAT-FECAL_PELLET-7-003','2024-05-12 08:23:40.375402','Lou Gene Sibal',2),(367,'Isolate','Created isolate MCC-UPLB MNH-NICER CAVES P4-CL-CURCC-0-BAT-FECAL_PELLET-7-004','2024-05-12 08:23:40.396235','Lou Gene Sibal',2),(368,'Isolate','Created isolate MCC-UPLB MNH-NICER CAVES P4-CL-CURCC-0-BAT-FECAL_PELLET-0-003','2024-05-12 08:23:40.419427','Lou Gene Sibal',2),(369,'Isolate','Created isolate MCC-UPLB MNH-NICER CAVES P4-CL-CURCC-0-BAT-FECAL_PELLET-0-004','2024-05-12 08:23:40.436987','Lou Gene Sibal',2),(370,'Isolate','Created isolate MCC-UPLB MNH-NICER CAVES P4-CL-CURCC-0-BAT-FECAL_PELLET-1-003','2024-05-12 08:23:40.454078','Lou Gene Sibal',2),(371,'Isolate','Created isolate MCC-UPLB MNH-NICER CAVES P4-CL-CURCC-0-BAT-FECAL_PELLET-1-004','2024-05-12 08:23:40.472118','Lou Gene Sibal',2),(372,'Isolate','Created isolate MCC-UPLB MNH-NICER CAVES P4-CL-CURCC-0-BAT-FECAL_PELLET-6-002','2024-05-12 08:23:40.490960','Lou Gene Sibal',2),(373,'Isolate','Created isolate MCC-UPLB MNH-NICER CAVES P4-CL-CURCC-0-BAT-FECAL_PELLET-2-003','2024-05-12 08:23:40.512020','Lou Gene Sibal',2),(374,'Isolate','Created isolate MCC-UPLB MNH-NICER CAVES P4-CL-CURCC-0-BAT-FECAL_PELLET-2-004','2024-05-12 08:23:40.531422','Lou Gene Sibal',2),(375,'Isolate','Created isolate MCC-UPLB MNH-NICER CAVES P4-CL-CURCC-0-BAT-FECAL_PELLET-3-004','2024-05-12 08:23:40.558863','Lou Gene Sibal',2),(376,'Isolate','Created isolate MCC-UPLB MNH-NICER CAVES P4-CL-CURCC-0-BAT-FECAL_PELLET-3-005','2024-05-12 08:23:40.586397','Lou Gene Sibal',2),(377,'Isolate','Created isolate MCC-UPLB MNH-NICER CAVES P4-CL-CURCC-0-BAT-FECAL_PELLET-3-006','2024-05-12 08:23:40.606082','Lou Gene Sibal',2),(378,'Isolate','Created isolate MCC-UPLB MNH-NICER CAVES P4-CL-CURCC-0-BAT-FECAL_PELLET-4-005','2024-05-12 08:23:40.624150','Lou Gene Sibal',2),(379,'Isolate','Created isolate MCC-UPLB MNH-NICER CAVES P4-CL-CURCC-0-BAT-FECAL_PELLET-4-006','2024-05-12 08:23:40.641402','Lou Gene Sibal',2),(380,'Isolate','Created isolate MCC-UPLB MNH-NICER CAVES P4-CL-CURCC-0-BAT-FECAL_PELLET-4-007','2024-05-12 08:23:40.661006','Lou Gene Sibal',2),(381,'Isolate','Created isolate MCC-UPLB MNH-NICER CAVES P4-CL-CURCC-0-BAT-FECAL_PELLET-4-008','2024-05-12 08:23:40.685780','Lou Gene Sibal',2),(382,'Isolate','Created isolate MCC-UPLB MNH-NICER CAVES P4-CL-CURCC-0-BAT-FECAL_PELLET-5-004','2024-05-12 08:23:40.720925','Lou Gene Sibal',2),(383,'Isolate','Created isolate MCC-UPLB MNH-NICER CAVES P4-CL-CURCC-0-BAT-FECAL_PELLET-5-005','2024-05-12 08:23:40.746818','Lou Gene Sibal',2),(384,'Isolate','Created isolate MCC-UPLB MNH-NICER CAVES P4-CL-CURCC-0-BAT-FECAL_PELLET-5-006','2024-05-12 08:23:40.780745','Lou Gene Sibal',2),(385,'Source','Created source MCC-MNH-CAV-CL-CURCC-1-BAT-GUANO-0','2024-05-20 06:25:55.694475','admin',1),(386,'Isolate','Created isolate MCC-MNH-CAV-CL-CURCC-1-BAT-GUANO-0-001','2024-05-20 06:29:16.848806','admin',1),(387,'Isolate','Created isolate MCC-UPLB MNH-NICER CAVES P4-CL-CURCC-0-BAT-FECAL_PELLET-7-005','2024-05-20 06:35:46.167252','admin',1),(388,'Isolate','Created isolate MCC-UPLB MNH-NICER CAVES P4-CL-CURCC-0-BAT-FECAL_PELLET-7-006','2024-05-20 06:35:46.190403','admin',1),(389,'Isolate','Created isolate MCC-UPLB MNH-NICER CAVES P4-CL-CURCC-0-BAT-FECAL_PELLET-0-005','2024-05-20 06:35:46.217167','admin',1),(390,'Isolate','Created isolate MCC-UPLB MNH-NICER CAVES P4-CL-CURCC-0-BAT-FECAL_PELLET-0-006','2024-05-20 06:35:46.239582','admin',1),(391,'Isolate','Created isolate MCC-UPLB MNH-NICER CAVES P4-CL-CURCC-0-BAT-FECAL_PELLET-1-005','2024-05-20 06:35:46.261637','admin',1),(392,'Isolate','Created isolate MCC-UPLB MNH-NICER CAVES P4-CL-CURCC-0-BAT-FECAL_PELLET-1-006','2024-05-20 06:35:46.278200','admin',1),(393,'Isolate','Created isolate MCC-UPLB MNH-NICER CAVES P4-CL-CURCC-0-BAT-FECAL_PELLET-6-003','2024-05-20 06:35:46.293447','admin',1),(394,'Isolate','Created isolate MCC-UPLB MNH-NICER CAVES P4-CL-CURCC-0-BAT-FECAL_PELLET-2-005','2024-05-20 06:35:46.313075','admin',1),(395,'Isolate','Created isolate MCC-UPLB MNH-NICER CAVES P4-CL-CURCC-0-BAT-FECAL_PELLET-2-006','2024-05-20 06:35:46.332011','admin',1),(396,'Isolate','Created isolate MCC-UPLB MNH-NICER CAVES P4-CL-CURCC-0-BAT-FECAL_PELLET-3-007','2024-05-20 06:35:46.349771','admin',1),(397,'Isolate','Created isolate MCC-UPLB MNH-NICER CAVES P4-CL-CURCC-0-BAT-FECAL_PELLET-3-008','2024-05-20 06:35:46.366583','admin',1),(398,'Isolate','Created isolate MCC-UPLB MNH-NICER CAVES P4-CL-CURCC-0-BAT-FECAL_PELLET-3-009','2024-05-20 06:35:46.390320','admin',1),(399,'Isolate','Created isolate MCC-UPLB MNH-NICER CAVES P4-CL-CURCC-0-BAT-FECAL_PELLET-4-009','2024-05-20 06:35:46.411018','admin',1),(400,'Isolate','Created isolate MCC-UPLB MNH-NICER CAVES P4-CL-CURCC-0-BAT-FECAL_PELLET-4-010','2024-05-20 06:35:46.430697','admin',1),(401,'Isolate','Created isolate MCC-UPLB MNH-NICER CAVES P4-CL-CURCC-0-BAT-FECAL_PELLET-4-011','2024-05-20 06:35:46.450936','admin',1),(402,'Isolate','Created isolate MCC-UPLB MNH-NICER CAVES P4-CL-CURCC-0-BAT-FECAL_PELLET-4-012','2024-05-20 06:35:46.468326','admin',1),(403,'Isolate','Created isolate MCC-UPLB MNH-NICER CAVES P4-CL-CURCC-0-BAT-FECAL_PELLET-5-007','2024-05-20 06:35:46.485772','admin',1),(404,'Isolate','Created isolate MCC-UPLB MNH-NICER CAVES P4-CL-CURCC-0-BAT-FECAL_PELLET-5-008','2024-05-20 06:35:46.499986','admin',1),(405,'Isolate','Created isolate MCC-UPLB MNH-NICER CAVES P4-CL-CURCC-0-BAT-FECAL_PELLET-5-009','2024-05-20 06:35:46.515338','admin',1),(406,'Isolate','Deleted isolate MCC-UPLB MNH-NICER CAVES P4-CL-CURCC-0-BAT-FECAL_PELLET-5-006','2024-05-20 06:38:34.172327','Lou Gene Sibal',2),(407,'User','Created account Cedie','2024-05-20 06:55:59.783489','admin',1),(408,'User','Created account Ezekiel','2024-05-20 06:56:27.253638','admin',1),(409,'User','Created account Ira','2024-05-20 06:56:46.710260','admin',1),(410,'User','Created account Lilian','2024-05-20 06:57:07.175365','admin',1),(411,'User','Created account Nicette','2024-05-20 06:57:37.416530','admin',1),(412,'User','Created account Thea','2024-05-20 07:00:48.131783','admin',1),(413,'User','Created account Russel','2024-05-20 07:01:35.768779','admin',1),(414,'User','Created account manacleto','2024-05-20 07:10:41.192719','admin',1),(415,'Source','Created source MCC-MNH-CAV-TQ-PCTQ-1-BAT-GUANO-0','2024-05-20 07:14:08.193483','Nicette',7),(416,'Source','Created source MCC-UPLB MNH-NICER CAVES P4-PC-TQ-0-BAT-GUANO-0','2024-05-20 07:18:02.626750','Thea',8),(417,'Source','Created source MCC-UPLB MNH-NICER CAVES P4-PC-TQ-0-BAT-GUT-0','2024-05-20 07:18:11.886057','Ezekiel',4),(418,'Source','Created source MCC-UPLB MNH-NICER CAVES P4-TQ-PCTQ-4-BAT-GUANO-0','2024-05-20 07:18:34.779286','Ira',5),(419,'Isolate','Created isolate MCC-MNH-CAV-TQ-PCTQ-1-BAT-GUANO-0-001','2024-05-20 07:21:38.422694','Nicette',7),(420,'Isolate','Deleted isolate MCC-MNH-CAV-TQ-PCTQ-1-BAT-GUANO-0-001','2024-05-20 07:23:16.526169','Nicette',7),(421,'Isolate','Deleted source MCC-MNH-CAV-TQ-PCTQ-1-BAT-GUANO-0','2024-05-20 07:23:27.580105','Nicette',7),(422,'Source','Created source MCC-UPLB-MNH-NICER CAVES P4-PC-TQ-0-BAT-GUT-0','2024-05-20 07:24:07.033189','Ezekiel',4),(423,'Source','Created source MCC-UPLB-MNH-NICER CAVES P4-PC-TQ-0-BAT-GUT-1','2024-05-20 07:25:42.831552','Ezekiel',4),(424,'Source','Created source MCC-UPLB MNH-NICER CAVES P4-TC-PCTQ-1-BAT-RINSE-0','2024-05-20 07:26:18.370235','Cedie',3),(425,'Source','Created source MCC-UPLB MNH-NICER CAVES P4-TC-PCTQ-1-BAT-RINSE-1','2024-05-20 07:27:36.211057','Cedie',3),(426,'Source','Created source MCC-UPLB-MNH-NICER CAVES P4-PC-TQ-0-BAT-GUT-2','2024-05-20 07:27:51.170256','Ezekiel',4),(427,'Source','Created source MCC-UPLB MNH-NICER CAVES P4-TC-PCTQ-1-BAT-RINSE-2','2024-05-20 07:28:18.249135','Cedie',3),(428,'Source','Created source MCC-UPLB-MNH-NICER CAVES P4-TQ-PCTQ-1-BAT-GUANO-0','2024-05-20 07:28:25.519020','Nicette',7),(429,'Source','Created source MCC-UPLB MNH-NICER CAVES P4-TC-PCTQ-1-BAT-RINSE-3','2024-05-20 07:29:01.059041','Cedie',3),(430,'Source','Created source MCC-UPLB MNH-NICER CAVES P4-TC-PCTQ-1-BAT-RINSE-4','2024-05-20 07:29:41.365402','Cedie',3),(431,'Source','Created source MCC-UPLB-MNH-NICER CAVES P4-PC-TQ-0-BAT-FECAL_PELLET-0','2024-05-20 07:30:03.214842','Ezekiel',4),(432,'Source','Created source MCC-UPLB MNH-NICER CAVES P4-TC-PCTQ-1-BAT-RINSE-5','2024-05-20 07:30:22.042965','Cedie',3),(433,'Isolate','Created isolate MCC-UPLB-MNH-NICER CAVES P4-TQ-PCTQ-1-BAT-GUANO-0-001','2024-05-20 07:31:08.106644','Nicette',7),(434,'Isolate','Created isolate MCC-UPLB-MNH-NICER CAVES P4-TQ-PCTQ-1-BAT-GUANO-0-002','2024-05-20 07:31:08.126929','Nicette',7),(435,'Isolate','Created isolate MCC-UPLB-MNH-NICER CAVES P4-TQ-PCTQ-1-BAT-GUANO-0-003','2024-05-20 07:31:08.147177','Nicette',7),(436,'Isolate','Created isolate MCC-UPLB-MNH-NICER CAVES P4-TQ-PCTQ-1-BAT-GUANO-0-004','2024-05-20 07:31:08.163343','Nicette',7),(437,'Isolate','Created isolate MCC-UPLB-MNH-NICER CAVES P4-TQ-PCTQ-1-BAT-GUANO-0-005','2024-05-20 07:31:08.179830','Nicette',7),(438,'Isolate','Created isolate MCC-UPLB-MNH-NICER CAVES P4-TQ-PCTQ-1-BAT-GUANO-0-006','2024-05-20 07:31:08.201942','Nicette',7),(439,'Isolate','Created isolate MCC-UPLB-MNH-NICER CAVES P4-TQ-PCTQ-1-BAT-GUANO-0-007','2024-05-20 07:31:08.217189','Nicette',7),(440,'Isolate','Created isolate MCC-UPLB-MNH-NICER CAVES P4-TQ-PCTQ-1-BAT-GUANO-0-008','2024-05-20 07:31:08.237180','Nicette',7),(441,'Isolate','Created isolate MCC-UPLB-MNH-NICER CAVES P4-TQ-PCTQ-1-BAT-GUANO-0-009','2024-05-20 07:31:08.254487','Nicette',7),(442,'Isolate','Created isolate MCC-UPLB-MNH-NICER CAVES P4-TQ-PCTQ-1-BAT-GUANO-0-010','2024-05-20 07:31:08.270498','Nicette',7),(443,'Isolate','Created isolate MCC-UPLB-MNH-NICER CAVES P4-TQ-PCTQ-1-BAT-GUANO-0-011','2024-05-20 07:31:08.288556','Nicette',7),(444,'Isolate','Created isolate MCC-UPLB-MNH-NICER CAVES P4-TQ-PCTQ-1-BAT-GUANO-0-012','2024-05-20 07:31:08.305680','Nicette',7),(445,'Isolate','Created isolate MCC-UPLB-MNH-NICER CAVES P4-TQ-PCTQ-1-BAT-GUANO-0-013','2024-05-20 07:31:08.320667','Nicette',7),(446,'Isolate','Created isolate MCC-UPLB-MNH-NICER CAVES P4-TQ-PCTQ-1-BAT-GUANO-0-014','2024-05-20 07:31:08.340250','Nicette',7),(447,'Isolate','Created isolate MCC-UPLB-MNH-NICER CAVES P4-TQ-PCTQ-1-BAT-GUANO-0-015','2024-05-20 07:31:08.368777','Nicette',7),(448,'Isolate','Created isolate MCC-UPLB-MNH-NICER CAVES P4-TQ-PCTQ-1-BAT-GUANO-0-016','2024-05-20 07:31:08.389262','Nicette',7),(449,'Isolate','Created isolate MCC-UPLB-MNH-NICER CAVES P4-TQ-PCTQ-1-BAT-GUANO-0-017','2024-05-20 07:31:08.406507','Nicette',7),(450,'Source','Created source MCC-UPLB-MNH-NICER CAVES P4-PC-TQ-0-BAT-FECAL_PELLET-1','2024-05-20 07:31:30.440239','Ezekiel',4),(451,'Source','Created source MCC-UPLB-MNH-NICER CAVES P4-PC-TQ-0-BAT-FECAL_PELLET-2','2024-05-20 07:31:40.623839','Ezekiel',4),(452,'Source','Created source MCC-UPLB-MNH-NICER CAVES P4-PC-TQ-0-BAT-FECAL_PELLET-3','2024-05-20 07:32:47.417676','Ezekiel',4),(453,'Source','Created source MCC-UPLB-MNH-NICER CAVES P4-PC-TQ-0-BAT-FECAL_PELLET-4','2024-05-20 07:33:55.746562','Ezekiel',4),(454,'Isolate','Created isolate MCC-UPLB MNH-NICER CAVES P4-PC-TQ-0-BAT-GUT-0-001','2024-05-20 07:41:44.319088','Ezekiel',4),(455,'Isolate','Created isolate MCC-UPLB MNH-NICER CAVES P4-PC-TQ-0-BAT-GUT-0-002','2024-05-20 07:41:44.337303','Ezekiel',4),(456,'Isolate','Created isolate MCC-UPLB MNH-NICER CAVES P4-PC-TQ-0-BAT-GUT-0-003','2024-05-20 07:41:44.354265','Ezekiel',4),(457,'Isolate','Created isolate MCC-UPLB MNH-NICER CAVES P4-PC-TQ-0-BAT-GUT-0-004','2024-05-20 07:41:44.371068','Ezekiel',4),(458,'Isolate','Created isolate MCC-UPLB-MNH-NICER CAVES P4-PC-TQ-0-BAT-GUT-0-001','2024-05-20 07:41:44.390325','Ezekiel',4),(459,'Isolate','Created isolate MCC-UPLB-MNH-NICER CAVES P4-PC-TQ-0-BAT-GUT-0-002','2024-05-20 07:41:44.412605','Ezekiel',4),(460,'Isolate','Created isolate MCC-UPLB-MNH-NICER CAVES P4-PC-TQ-0-BAT-GUT-0-003','2024-05-20 07:41:44.440898','Ezekiel',4),(461,'Isolate','Created isolate MCC-UPLB-MNH-NICER CAVES P4-PC-TQ-0-BAT-GUT-1-001','2024-05-20 07:41:44.461743','Ezekiel',4),(462,'Isolate','Created isolate MCC-UPLB-MNH-NICER CAVES P4-PC-TQ-0-BAT-GUT-1-002','2024-05-20 07:41:44.486005','Ezekiel',4),(463,'Isolate','Created isolate MCC-UPLB-MNH-NICER CAVES P4-PC-TQ-0-BAT-GUT-2-001','2024-05-20 07:41:44.505661','Ezekiel',4),(464,'Isolate','Created isolate MCC-UPLB-MNH-NICER CAVES P4-PC-TQ-0-BAT-GUT-2-002','2024-05-20 07:41:44.527369','Ezekiel',4),(465,'Isolate','Created isolate MCC-UPLB-MNH-NICER CAVES P4-PC-TQ-0-BAT-GUT-2-003','2024-05-20 07:41:44.554264','Ezekiel',4),(466,'Isolate','Created isolate MCC-UPLB MNH-NICER CAVES P4-PC-TQ-0-BAT-GUANO-0-001','2024-05-20 07:53:19.296797','Ira',5),(467,'Isolate','Created isolate MCC-UPLB MNH-NICER CAVES P4-TQ-PCTQ-4-BAT-GUANO-0-001','2024-05-20 07:56:36.433833','Ira',5),(468,'Isolate','Created isolate MCC-UPLB MNH-NICER CAVES P4-TQ-PCTQ-4-BAT-GUANO-0-002','2024-05-20 07:58:35.426062','Ira',5),(469,'Isolate','Created isolate MCC-UPLB MNH-NICER CAVES P4-TQ-PCTQ-4-BAT-GUANO-0-003','2024-05-20 07:58:48.032041','Ira',5),(470,'Isolate','Created isolate MCC-UPLB MNH-NICER CAVES P4-TQ-PCTQ-4-BAT-GUANO-0-004','2024-05-20 07:59:10.511539','Ira',5),(471,'Isolate','Created isolate MCC-UPLB MNH-NICER CAVES P4-TQ-PCTQ-4-BAT-GUANO-0-005','2024-05-20 07:59:15.263675','Ira',5),(472,'Isolate','Created isolate MCC-UPLB MNH-NICER CAVES P4-TQ-PCTQ-4-BAT-GUANO-0-006','2024-05-20 07:59:25.645655','Ira',5),(473,'Isolate','Created isolate MCC-UPLB MNH-NICER CAVES P4-TQ-PCTQ-4-BAT-GUANO-0-007','2024-05-20 07:59:36.791099','Ira',5),(474,'Isolate','Created isolate MCC-UPLB MNH-NICER CAVES P4-TQ-PCTQ-4-BAT-GUANO-0-008','2024-05-20 07:59:37.366269','Ira',5),(475,'Isolate','Created isolate MCC-UPLB MNH-NICER CAVES P4-TQ-PCTQ-4-BAT-GUANO-0-009','2024-05-20 07:59:37.411582','Ira',5),(476,'Isolate','Created isolate MCC-UPLB MNH-NICER CAVES P4-TC-PCTQ-1-BAT-RINSE-0-001','2024-05-20 08:04:27.191582','Cedie',3),(477,'Isolate','Created isolate MCC-UPLB MNH-NICER CAVES P4-TC-PCTQ-1-BAT-RINSE-0-002','2024-05-20 08:04:27.214090','Cedie',3),(478,'Isolate','Created isolate MCC-UPLB MNH-NICER CAVES P4-TC-PCTQ-1-BAT-RINSE-0-003','2024-05-20 08:04:27.241635','Cedie',3),(479,'Isolate','Created isolate MCC-UPLB MNH-NICER CAVES P4-TC-PCTQ-1-BAT-RINSE-0-004','2024-05-20 08:04:27.262214','Cedie',3),(480,'Isolate','Created isolate MCC-UPLB MNH-NICER CAVES P4-TC-PCTQ-1-BAT-RINSE-0-005','2024-05-20 08:04:27.286416','Cedie',3),(481,'Isolate','Created isolate MCC-UPLB MNH-NICER CAVES P4-TC-PCTQ-1-BAT-RINSE-0-006','2024-05-20 08:04:27.304740','Cedie',3),(482,'Isolate','Created isolate MCC-UPLB MNH-NICER CAVES P4-TC-PCTQ-1-BAT-RINSE-0-007','2024-05-20 08:04:27.325613','Cedie',3),(483,'Isolate','Created isolate MCC-UPLB MNH-NICER CAVES P4-TC-PCTQ-1-BAT-RINSE-1-001','2024-05-20 08:04:27.344786','Cedie',3),(484,'Isolate','Created isolate MCC-UPLB MNH-NICER CAVES P4-TC-PCTQ-1-BAT-RINSE-1-002','2024-05-20 08:04:27.363854','Cedie',3),(485,'Isolate','Created isolate MCC-UPLB MNH-NICER CAVES P4-TC-PCTQ-1-BAT-RINSE-1-003','2024-05-20 08:04:27.381030','Cedie',3),(486,'Isolate','Created isolate MCC-UPLB MNH-NICER CAVES P4-TC-PCTQ-1-BAT-RINSE-1-004','2024-05-20 08:04:27.399207','Cedie',3),(487,'Isolate','Created isolate MCC-UPLB MNH-NICER CAVES P4-TC-PCTQ-1-BAT-RINSE-1-005','2024-05-20 08:04:27.416506','Cedie',3),(488,'Isolate','Created isolate MCC-UPLB MNH-NICER CAVES P4-TC-PCTQ-1-BAT-RINSE-1-006','2024-05-20 08:04:27.432019','Cedie',3),(489,'Isolate','Created isolate MCC-UPLB MNH-NICER CAVES P4-TC-PCTQ-1-BAT-RINSE-2-001','2024-05-20 08:04:27.446029','Cedie',3),(490,'Isolate','Created isolate MCC-UPLB MNH-NICER CAVES P4-TC-PCTQ-1-BAT-RINSE-2-002','2024-05-20 08:04:27.462572','Cedie',3),(491,'Isolate','Created isolate MCC-UPLB MNH-NICER CAVES P4-TC-PCTQ-1-BAT-RINSE-2-003','2024-05-20 08:04:27.490658','Cedie',3),(492,'Isolate','Created isolate MCC-UPLB MNH-NICER CAVES P4-TC-PCTQ-1-BAT-RINSE-2-004','2024-05-20 08:04:27.509381','Cedie',3),(493,'Isolate','Created isolate MCC-UPLB MNH-NICER CAVES P4-TC-PCTQ-1-BAT-RINSE-2-005','2024-05-20 08:04:27.531498','Cedie',3),(494,'Isolate','Created isolate MCC-UPLB MNH-NICER CAVES P4-TC-PCTQ-1-BAT-RINSE-2-006','2024-05-20 08:04:27.548714','Cedie',3),(495,'Isolate','Created isolate MCC-UPLB MNH-NICER CAVES P4-TC-PCTQ-1-BAT-RINSE-3-001','2024-05-20 08:04:27.570454','Cedie',3),(496,'Isolate','Created isolate MCC-UPLB MNH-NICER CAVES P4-TC-PCTQ-1-BAT-RINSE-3-002','2024-05-20 08:04:27.585986','Cedie',3),(497,'Isolate','Created isolate MCC-UPLB MNH-NICER CAVES P4-TC-PCTQ-1-BAT-RINSE-3-003','2024-05-20 08:04:27.603300','Cedie',3),(498,'Isolate','Created isolate MCC-UPLB MNH-NICER CAVES P4-TC-PCTQ-1-BAT-RINSE-3-004','2024-05-20 08:04:27.623720','Cedie',3),(499,'Isolate','Created isolate MCC-UPLB MNH-NICER CAVES P4-TC-PCTQ-1-BAT-RINSE-3-005','2024-05-20 08:04:27.649120','Cedie',3),(500,'Isolate','Created isolate MCC-UPLB MNH-NICER CAVES P4-TC-PCTQ-1-BAT-RINSE-3-006','2024-05-20 08:04:27.665603','Cedie',3),(501,'Isolate','Created isolate MCC-UPLB MNH-NICER CAVES P4-TC-PCTQ-1-BAT-RINSE-3-007','2024-05-20 08:04:27.680752','Cedie',3),(502,'Isolate','Created isolate MCC-UPLB MNH-NICER CAVES P4-TC-PCTQ-1-BAT-RINSE-3-008','2024-05-20 08:04:27.696150','Cedie',3),(503,'Isolate','Created isolate MCC-UPLB MNH-NICER CAVES P4-TC-PCTQ-1-BAT-RINSE-4-001','2024-05-20 08:04:27.710106','Cedie',3),(504,'Isolate','Created isolate MCC-UPLB MNH-NICER CAVES P4-TC-PCTQ-1-BAT-RINSE-4-002','2024-05-20 08:04:27.731964','Cedie',3),(505,'Isolate','Created isolate MCC-UPLB MNH-NICER CAVES P4-TC-PCTQ-1-BAT-RINSE-4-003','2024-05-20 08:04:27.750557','Cedie',3),(506,'Isolate','Created isolate MCC-UPLB MNH-NICER CAVES P4-TC-PCTQ-1-BAT-RINSE-4-004','2024-05-20 08:04:27.773516','Cedie',3),(507,'Isolate','Created isolate MCC-UPLB MNH-NICER CAVES P4-TC-PCTQ-1-BAT-RINSE-4-005','2024-05-20 08:04:27.796826','Cedie',3),(508,'Isolate','Created isolate MCC-UPLB MNH-NICER CAVES P4-TC-PCTQ-1-BAT-RINSE-4-006','2024-05-20 08:04:27.817054','Cedie',3),(509,'Isolate','Created isolate MCC-UPLB MNH-NICER CAVES P4-TC-PCTQ-1-BAT-RINSE-4-007','2024-05-20 08:04:27.835651','Cedie',3),(510,'Isolate','Created isolate MCC-UPLB MNH-NICER CAVES P4-TC-PCTQ-1-BAT-RINSE-4-008','2024-05-20 08:04:27.855945','Cedie',3),(511,'Isolate','Created isolate MCC-UPLB MNH-NICER CAVES P4-TC-PCTQ-1-BAT-RINSE-5-001','2024-05-20 08:04:27.876200','Cedie',3),(512,'Isolate','Created isolate MCC-UPLB MNH-NICER CAVES P4-TC-PCTQ-1-BAT-RINSE-5-002','2024-05-20 08:04:27.893003','Cedie',3),(513,'Isolate','Created isolate MCC-UPLB MNH-NICER CAVES P4-TC-PCTQ-1-BAT-RINSE-5-003','2024-05-20 08:04:27.912160','Cedie',3),(514,'Isolate','Created isolate MCC-UPLB MNH-NICER CAVES P4-TC-PCTQ-1-BAT-RINSE-5-004','2024-05-20 08:04:27.928851','Cedie',3),(515,'Isolate','Created isolate MCC-UPLB MNH-NICER CAVES P4-TC-PCTQ-1-BAT-RINSE-5-005','2024-05-20 08:04:27.946557','Cedie',3),(516,'Isolate','Created isolate MCC-UPLB MNH-NICER CAVES P4-TC-PCTQ-1-BAT-RINSE-5-006','2024-05-20 08:04:27.962484','Cedie',3),(517,'Isolate','Created isolate MCC-UPLB MNH-NICER CAVES P4-TC-PCTQ-1-BAT-RINSE-5-007','2024-05-20 08:04:27.979425','Cedie',3),(518,'Isolate','Created isolate MCC-UPLB MNH-NICER CAVES P4-PC-TQ-0-BAT-GUANO-0-002','2024-05-20 08:05:25.373313','Thea',8),(519,'Isolate','Created isolate MCC-UPLB MNH-NICER CAVES P4-PC-TQ-0-BAT-GUANO-0-003','2024-05-20 08:05:25.695649','Thea',8),(520,'Isolate','Created isolate MCC-UPLB MNH-NICER CAVES P4-TQ-PCTQ-4-BAT-GUANO-0-010','2024-05-20 08:06:39.704646','Ira',5),(521,'Isolate','Created isolate MCC-UPLB MNH-NICER CAVES P4-TQ-PCTQ-4-BAT-GUANO-0-011','2024-05-20 08:06:41.203047','Ira',5),(522,'Isolate','Created isolate MCC-UPLB MNH-NICER CAVES P4-TQ-PCTQ-4-BAT-GUANO-0-012','2024-05-20 08:06:43.077768','Ira',5),(523,'Isolate','Created isolate MCC-UPLB MNH-NICER CAVES P4-PC-TQ-0-BAT-GUANO-0-004','2024-05-20 08:06:52.310688','Thea',8),(524,'Isolate','Deleted isolate MCC-UPLB MNH-NICER CAVES P4-TQ-PCTQ-4-BAT-GUANO-0-012','2024-05-20 08:07:26.108215','Ira',5),(525,'Isolate','Created isolate MCC-UPLB MNH-NICER CAVES P4-TQ-PCTQ-4-BAT-GUANO-0-012','2024-05-20 08:09:00.591679','Ira',5),(526,'Isolate','Created isolate MCC-UPLB MNH-NICER CAVES P4-TQ-PCTQ-4-BAT-GUANO-0-013','2024-05-20 08:10:15.634663','Ira',5),(527,'Isolate','Created isolate MCC-UPLB MNH-NICER CAVES P4-TQ-PCTQ-4-BAT-GUANO-0-014','2024-05-20 08:10:15.737003','Ira',5),(528,'Source','Created source MCC-MNH-CAV-CL-CURCC-6-BAT-GUT-0','2024-05-22 09:14:45.788255','admin',1),(529,'Isolate','Deleted source MCC-MNH-CAV-CL-CURCC-6-BAT-GUT-0','2024-05-22 09:45:21.645458','admin',1),(530,'Isolate','Deleted source MCC-MNH-CAV-CL-CURCC-0-BAT-GUANO-0','2024-05-22 09:45:36.945868','admin',1),(531,'Isolate','Deleted source MCC-MNH-CAV-CL-CURCC-0-BAT-GUANO-1','2024-05-22 09:45:39.187403','admin',1),(532,'Source','Created source MCC-MNH-CAV-CL-CURCC--3-BAT-GUT-0','2024-05-22 09:53:58.477891','admin',1),(533,'Isolate','Deleted source MCC-MNH-CAV-CL-CURCC--3-BAT-GUT-0','2024-05-22 09:54:17.403977','admin',1),(534,'Source','Created source MCC-MNH-CAV-CL-CURCC-0-BAT-GUT-0','2024-05-22 09:55:28.229552','admin',1),(535,'Isolate','Created isolate MCC-UPLB MNH-NICER CAVES P4-CL-CURCC-0-BAT-FECAL_PELLET-0-003','2024-05-22 10:07:10.729025','admin',1),(536,'Isolate','Created isolate MCC-UPLB MNH-NICER CAVES P4-CL-CURCC-0-BAT-FECAL_PELLET-7-003','2024-05-22 10:07:45.971597','admin',1),(537,'Isolate','Created isolate MCC-UPLB MNH-NICER CAVES P4-CL-CURCC-0-BAT-FECAL_PELLET-7-004','2024-05-22 10:07:45.997217','admin',1),(538,'Isolate','Created isolate MCC-UPLB MNH-NICER CAVES P4-CL-CURCC-0-BAT-FECAL_PELLET-0-004','2024-05-22 10:07:46.016750','admin',1),(539,'Isolate','Created isolate MCC-UPLB MNH-NICER CAVES P4-CL-CURCC-0-BAT-FECAL_PELLET-0-005','2024-05-22 10:07:46.033562','admin',1),(540,'Isolate','Created isolate MCC-UPLB MNH-NICER CAVES P4-CL-CURCC-0-BAT-FECAL_PELLET-1-003','2024-05-22 10:07:46.049048','admin',1),(541,'Isolate','Created isolate MCC-UPLB MNH-NICER CAVES P4-CL-CURCC-0-BAT-FECAL_PELLET-1-004','2024-05-22 10:07:46.069416','admin',1),(542,'Isolate','Created isolate MCC-UPLB MNH-NICER CAVES P4-CL-CURCC-0-BAT-FECAL_PELLET-6-002','2024-05-22 10:07:46.093689','admin',1),(543,'Isolate','Created isolate MCC-UPLB MNH-NICER CAVES P4-CL-CURCC-0-BAT-FECAL_PELLET-2-003','2024-05-22 10:07:46.110083','admin',1),(544,'Isolate','Created isolate MCC-UPLB MNH-NICER CAVES P4-CL-CURCC-0-BAT-FECAL_PELLET-2-004','2024-05-22 10:07:46.130425','admin',1),(545,'Isolate','Created isolate MCC-UPLB MNH-NICER CAVES P4-CL-CURCC-0-BAT-FECAL_PELLET-3-004','2024-05-22 10:07:46.145948','admin',1),(546,'Isolate','Created isolate MCC-UPLB MNH-NICER CAVES P4-CL-CURCC-0-BAT-FECAL_PELLET-3-005','2024-05-22 10:07:46.160695','admin',1),(547,'Isolate','Created isolate MCC-UPLB MNH-NICER CAVES P4-CL-CURCC-0-BAT-FECAL_PELLET-3-006','2024-05-22 10:07:46.173993','admin',1),(548,'Isolate','Created isolate MCC-UPLB MNH-NICER CAVES P4-CL-CURCC-0-BAT-FECAL_PELLET-4-005','2024-05-22 10:07:46.189815','admin',1),(549,'Isolate','Created isolate MCC-UPLB MNH-NICER CAVES P4-CL-CURCC-0-BAT-FECAL_PELLET-4-006','2024-05-22 10:07:46.211459','admin',1),(550,'Isolate','Created isolate MCC-UPLB MNH-NICER CAVES P4-CL-CURCC-0-BAT-FECAL_PELLET-4-007','2024-05-22 10:07:46.227149','admin',1),(551,'Isolate','Created isolate MCC-UPLB MNH-NICER CAVES P4-CL-CURCC-0-BAT-FECAL_PELLET-4-008','2024-05-22 10:07:46.240336','admin',1),(552,'Isolate','Created isolate MCC-UPLB MNH-NICER CAVES P4-CL-CURCC-0-BAT-FECAL_PELLET-5-004','2024-05-22 10:07:46.259213','admin',1),(553,'Isolate','Created isolate MCC-UPLB MNH-NICER CAVES P4-CL-CURCC-0-BAT-FECAL_PELLET-5-005','2024-05-22 10:07:46.273959','admin',1),(554,'Isolate','Created isolate MCC-UPLB MNH-NICER CAVES P4-CL-CURCC-0-BAT-FECAL_PELLET-5-006','2024-05-22 10:07:46.289529','admin',1),(555,'User','Created account test_admin','2024-05-22 10:09:26.178453','admin',1),(556,'User','Created account test','2024-07-12 05:37:28.208628','admin',1),(557,'Isolate','Created isolate MCC-UPLB MNH-NICER CAVES P4-PC-TQ-0-BAT-GUT-0-005','2024-07-24 08:14:13.156731','Ezekiel',4),(558,'Isolate','Created isolate MCC-UPLB MNH-NICER CAVES P4-PC-TQ-0-BAT-GUT-0-006','2024-07-24 08:14:13.172488','Ezekiel',4),(559,'Isolate','Created isolate MCC-UPLB MNH-NICER CAVES P4-PC-TQ-0-BAT-GUT-0-007','2024-07-24 08:14:13.186592','Ezekiel',4),(560,'Isolate','Created isolate MCC-UPLB MNH-NICER CAVES P4-PC-TQ-0-BAT-GUT-0-008','2024-07-24 08:14:13.205771','Ezekiel',4),(561,'Isolate','Created isolate MCC-UPLB-MNH-NICER CAVES P4-PC-TQ-0-BAT-GUT-0-004','2024-07-24 08:14:13.219456','Ezekiel',4),(562,'Isolate','Created isolate MCC-UPLB-MNH-NICER CAVES P4-PC-TQ-0-BAT-GUT-0-005','2024-07-24 08:14:13.248171','Ezekiel',4),(563,'Isolate','Created isolate MCC-UPLB-MNH-NICER CAVES P4-PC-TQ-0-BAT-GUT-0-006','2024-07-24 08:14:13.271479','Ezekiel',4),(564,'Isolate','Created isolate MCC-UPLB-MNH-NICER CAVES P4-PC-TQ-0-BAT-GUT-1-003','2024-07-24 08:14:13.298880','Ezekiel',4),(565,'Isolate','Created isolate MCC-UPLB-MNH-NICER CAVES P4-PC-TQ-0-BAT-GUT-1-004','2024-07-24 08:14:13.317176','Ezekiel',4),(566,'Isolate','Created isolate MCC-UPLB-MNH-NICER CAVES P4-PC-TQ-0-BAT-GUT-2-004','2024-07-24 08:14:13.335813','Ezekiel',4),(567,'Isolate','Created isolate MCC-UPLB-MNH-NICER CAVES P4-PC-TQ-0-BAT-GUT-2-005','2024-07-24 08:14:13.350656','Ezekiel',4),(568,'Isolate','Created isolate MCC-UPLB-MNH-NICER CAVES P4-PC-TQ-0-BAT-GUT-2-006','2024-07-24 08:14:13.364812','Ezekiel',4),(569,'Isolate','Deleted source MCC-UPLB MNH-NICER CAVES P4-PC-TQ-0-BAT-GUT-0','2024-07-24 08:17:12.404324','Ezekiel',4),(570,'Isolate','Deleted source MCC-UPLB-MNH-NICER CAVES P4-PC-TQ-0-BAT-GUT-0','2024-07-24 08:17:57.220129','Ezekiel',4),(571,'Isolate','Deleted source MCC-UPLB-MNH-NICER CAVES P4-PC-TQ-0-BAT-GUT-1','2024-07-24 08:18:10.802232','Ezekiel',4),(572,'Isolate','Deleted source MCC-UPLB-MNH-NICER CAVES P4-PC-TQ-0-BAT-GUT-2','2024-07-24 08:18:20.380227','Ezekiel',4),(573,'Source','Created source MCC-UPLB-MNH-NICER CAVES P4-PC-PC-0-BAT-GUT-0','2024-07-24 08:22:57.789994','Ezekiel',4),(574,'Isolate','Deleted source MCC-UPLB-MNH-NICER CAVES P4-PC-PC-0-BAT-GUT-0','2024-07-24 08:23:51.130846','Ezekiel',4),(575,'Source','Created source MCC-UPLB-MNH-NICER CAVES P4-TQ-PC-0-BAT-GUT-0','2024-07-24 08:26:32.209724','Ezekiel',4),(576,'Source','Created source MCC-UPLB-MNH-NICER CAVES P4-TQ-PC-0-BAT-GUT-1','2024-07-24 08:27:39.121642','Ezekiel',4),(577,'Source','Created source MCC-UPLB-MNH-NICER CAVES P4-TQ-PC-0-BAT-GUT-2','2024-07-24 08:28:28.468145','Ezekiel',4),(578,'Source','Created source MCC-UPLB-MNH-NICER CAVES P4-TQ-PC-0-BAT-GUT-3','2024-07-24 08:29:17.313071','Ezekiel',4),(579,'Source','Created source MCC-UPLB-MNH-NICER CAVES P4-TQ-PC-0-BAT-FECAL_PELLET-0','2024-07-24 08:30:09.160637','Ezekiel',4),(580,'Source','Created source MCC-UPLB-MNH-NICER CAVES P4-TQ-PC-0-BAT-FECAL_PELLET-1','2024-07-24 08:32:46.891096','Ezekiel',4),(581,'Source','Created source MCC-UPLB-MNH-NICER CAVES P4-TQ-PC-0-BAT-FECAL_PELLET-2','2024-07-24 08:34:38.824501','Ezekiel',4),(582,'Source','Created source MCC-UPLB-MNH-NICER CAVES P4-TQ-PC-0-BAT-FECAL_PELLET-3','2024-07-24 08:35:38.013773','Ezekiel',4),(583,'Isolate','Created isolate MCC-UPLB-MNH-NICER CAVES P4-TQ-PC-0-BAT-GUT-1-001','2024-07-24 08:38:33.775475','Ezekiel',4),(584,'Isolate','Created isolate MCC-UPLB-MNH-NICER CAVES P4-TQ-PC-0-BAT-GUT-1-002','2024-07-24 08:38:33.789107','Ezekiel',4),(585,'Isolate','Created isolate MCC-UPLB-MNH-NICER CAVES P4-TQ-PC-0-BAT-GUT-1-003','2024-07-24 08:38:33.803203','Ezekiel',4),(586,'Isolate','Created isolate MCC-UPLB-MNH-NICER CAVES P4-TQ-PC-0-BAT-GUT-2-001','2024-07-24 08:38:33.815367','Ezekiel',4),(587,'Isolate','Created isolate MCC-UPLB-MNH-NICER CAVES P4-TQ-PC-0-BAT-GUT-2-002','2024-07-24 08:38:33.829480','Ezekiel',4),(588,'Isolate','Created isolate MCC-UPLB-MNH-NICER CAVES P4-TQ-PC-0-BAT-GUT-3-001','2024-07-24 08:38:33.844564','Ezekiel',4),(589,'Isolate','Created isolate MCC-UPLB-MNH-NICER CAVES P4-TQ-PC-0-BAT-GUT-3-002','2024-07-24 08:38:33.859936','Ezekiel',4),(590,'Isolate','Created isolate MCC-UPLB-MNH-NICER CAVES P4-TQ-PC-0-BAT-GUT-3-003','2024-07-24 08:38:33.875822','Ezekiel',4),(591,'Isolate','Created isolate MCC-UPLB-MNH-NICER CAVES P4-TQ-PC-0-BAT-FECAL_PELLET-0-001','2024-07-24 08:38:33.891892','Ezekiel',4),(592,'Isolate','Created isolate MCC-UPLB-MNH-NICER CAVES P4-TQ-PC-0-BAT-FECAL_PELLET-0-002','2024-07-24 08:38:33.906277','Ezekiel',4),(593,'Isolate','Created isolate MCC-UPLB-MNH-NICER CAVES P4-TQ-PC-0-BAT-FECAL_PELLET-0-003','2024-07-24 08:38:33.924353','Ezekiel',4),(594,'Isolate','Created isolate MCC-UPLB-MNH-NICER CAVES P4-TQ-PC-0-BAT-FECAL_PELLET-0-004','2024-07-24 08:38:33.938806','Ezekiel',4),(595,'Isolate','Created isolate MCC-UPLB-MNH-NICER CAVES P4-TQ-PC-0-BAT-FECAL_PELLET-1-001','2024-07-24 08:38:33.951918','Ezekiel',4),(596,'Isolate','Created isolate MCC-UPLB-MNH-NICER CAVES P4-TQ-PC-0-BAT-FECAL_PELLET-1-002','2024-07-24 08:38:33.967256','Ezekiel',4),(597,'Isolate','Created isolate MCC-UPLB-MNH-NICER CAVES P4-TQ-PC-0-BAT-FECAL_PELLET-1-003','2024-07-24 08:38:33.982318','Ezekiel',4),(598,'Isolate','Created isolate MCC-UPLB-MNH-NICER CAVES P4-TQ-PC-0-BAT-FECAL_PELLET-1-004','2024-07-24 08:38:33.997238','Ezekiel',4),(599,'Isolate','Created isolate MCC-UPLB-MNH-NICER CAVES P4-TQ-PC-0-BAT-FECAL_PELLET-2-001','2024-07-24 08:38:34.013413','Ezekiel',4),(600,'Isolate','Created isolate MCC-UPLB-MNH-NICER CAVES P4-TQ-PC-0-BAT-FECAL_PELLET-2-002','2024-07-24 08:38:34.038268','Ezekiel',4),(601,'Isolate','Created isolate MCC-UPLB-MNH-NICER CAVES P4-TQ-PC-0-BAT-FECAL_PELLET-3-001','2024-07-24 08:38:34.053845','Ezekiel',4),(602,'Isolate','Created isolate MCC-UPLB-MNH-NICER CAVES P4-TQ-PC-0-BAT-FECAL_PELLET-3-002','2024-07-24 08:38:34.069491','Ezekiel',4),(603,'Isolate','Created isolate MCC-UPLB-MNH-NICER CAVES P4-TQ-PC-0-BAT-FECAL_PELLET-3-003','2024-07-24 08:38:34.089640','Ezekiel',4),(604,'Isolate','Created isolate MCC-UPLB-MNH-NICER CAVES P4-TQ-PC-0-BAT-FECAL_PELLET-3-004','2024-07-24 08:38:34.106654','Ezekiel',4),(605,'Isolate','Created isolate MCC-UPLB-MNH-NICER CAVES P4-TQ-PC-0-BAT-GUT-0-001','2024-07-24 08:41:28.650369','Ezekiel',4),(606,'Isolate','Created isolate MCC-UPLB-MNH-NICER CAVES P4-TQ-PC-0-BAT-GUT-0-002','2024-07-24 08:41:28.663134','Ezekiel',4),(607,'Isolate','Created isolate MCC-UPLB-MNH-NICER CAVES P4-TQ-PC-0-BAT-GUT-0-003','2024-07-24 08:41:28.677610','Ezekiel',4),(608,'Isolate','Created isolate MCC-UPLB-MNH-NICER CAVES P4-TQ-PC-0-BAT-GUT-0-004','2024-07-24 08:41:28.699010','Ezekiel',4),(609,'Isolate','Created isolate MCC-UPLB-MNH-NICER CAVES P4-TQ-PC-0-BAT-GUT-1-004','2024-07-24 08:48:47.378596','Ezekiel',4),(610,'Isolate','Created isolate MCC-UPLB-MNH-NICER CAVES P4-TQ-PC-0-BAT-GUT-0-005','2024-07-24 08:50:21.369320','Ezekiel',4),(611,'Isolate','Deleted isolate MCC-UPLB-MNH-NICER CAVES P4-TQ-PC-0-BAT-GUT-0-003','2024-07-24 08:51:05.591358','Ezekiel',4),(612,'Isolate','Deleted isolate MCC-UPLB-MNH-NICER CAVES P4-TQ-PC-0-BAT-GUT-1-002','2024-07-24 08:52:06.686939','Ezekiel',4),(613,'Isolate','Created isolate MCC-UPLB MNH-NICER CAVES P4-PC-TQ-0-BAT-GUANO-0-005','2024-07-26 06:59:25.956492','Thea',8),(614,'Isolate','Created isolate MCC-UPLB MNH-NICER CAVES P4-PC-TQ-0-BAT-GUANO-0-006','2024-07-26 07:00:14.823395','Thea',8),(615,'Isolate','Created isolate MCC-UPLB MNH-NICER CAVES P4-PC-TQ-0-BAT-GUANO-0-007','2024-07-26 07:01:01.764610','Thea',8),(616,'Isolate','Created isolate MCC-UPLB MNH-NICER CAVES P4-PC-TQ-0-BAT-GUANO-0-008','2024-07-26 07:01:47.123308','Thea',8),(617,'Isolate','Created isolate MCC-UPLB MNH-NICER CAVES P4-PC-TQ-0-BAT-GUANO-0-009','2024-07-26 07:02:25.644643','Thea',8),(618,'Isolate','Created isolate MCC-UPLB MNH-NICER CAVES P4-PC-TQ-0-BAT-GUANO-0-010','2024-07-26 07:02:52.892134','Thea',8),(619,'Isolate','Created isolate MCC-UPLB MNH-NICER CAVES P4-PC-TQ-0-BAT-GUANO-0-011','2024-07-26 07:03:38.516566','Thea',8),(620,'Isolate','Created isolate MCC-UPLB MNH-NICER CAVES P4-PC-TQ-0-BAT-GUANO-0-012','2024-07-26 07:04:03.320844','Thea',8),(621,'Isolate','Created isolate MCC-UPLB MNH-NICER CAVES P4-PC-TQ-0-BAT-GUANO-0-013','2024-07-26 07:04:49.923677','Thea',8),(622,'Isolate','Created isolate MCC-UPLB MNH-NICER CAVES P4-PC-TQ-0-BAT-GUANO-0-014','2024-07-26 07:05:14.531943','Thea',8),(623,'Isolate','Created isolate MCC-UPLB MNH-NICER CAVES P4-PC-TQ-0-BAT-GUANO-0-015','2024-07-26 07:05:44.809687','Thea',8),(624,'Isolate','Created isolate MCC-UPLB MNH-NICER CAVES P4-PC-TQ-0-BAT-GUANO-0-016','2024-07-26 07:06:06.724219','Thea',8),(625,'User','Created account Mark Kevin','2024-08-14 05:34:53.458864','admin',1),(626,'Source','Created source MCC-UPLB MNH-(NICER CAVES P4)-TQ-PCTQ-4-BAT-GUANO-0','2024-08-14 05:51:19.751979','Mark Kevin',14),(627,'Isolate','Created isolate MCC-UPLB MNH-(NICER CAVES P4)-TQ-PCTQ-4-BAT-GUANO-0-001','2024-08-14 07:06:56.241838','Mark Kevin',14),(628,'Isolate','Created isolate MCC-UPLB MNH-(NICER CAVES P4)-TQ-PCTQ-4-BAT-GUANO-0-002','2024-08-14 07:12:03.637923','Mark Kevin',14),(629,'Isolate','Created isolate MCC-UPLB MNH-(NICER CAVES P4)-TQ-PCTQ-4-BAT-GUANO-0-003','2024-08-14 07:16:30.747255','Mark Kevin',14),(630,'Isolate','Created isolate MCC-UPLB MNH-(NICER CAVES P4)-TQ-PCTQ-4-BAT-GUANO-0-004','2024-08-14 07:18:17.078895','Mark Kevin',14),(631,'User','Created account Wilnan','2024-08-15 05:00:00.174769','admin',1),(632,'User','Created account Kyla','2024-08-15 05:01:29.079687','admin',1),(633,'User','Created account Irish','2024-08-15 05:02:48.159597','admin',1),(634,'User','Created account Ayessa','2024-08-15 05:07:15.756379','admin',1),(635,'Isolate','Deleted isolate MCC-UPLB MNH-(NICER CAVES P4)-TQ-PCTQ-4-BAT-GUANO-0-001','2024-08-15 13:03:51.249399','Mark Kevin',14),(636,'Isolate','Created isolate MCC-UPLB MNH-(NICER CAVES P4)-TQ-PCTQ-4-BAT-GUANO-0-004','2024-08-15 13:06:43.719247','Mark Kevin',14),(637,'Isolate','Created isolate MCC-UPLB MNH-(NICER CAVES P4)-TQ-PCTQ-4-BAT-GUANO-0-005','2024-08-15 13:08:59.913707','Mark Kevin',14),(638,'Isolate','Created isolate MCC-UPLB MNH-(NICER CAVES P4)-TQ-PCTQ-4-BAT-GUANO-0-006','2024-08-15 13:10:42.949208','Mark Kevin',14),(639,'Isolate','Deleted isolate MCC-UPLB MNH-(NICER CAVES P4)-TQ-PCTQ-4-BAT-GUANO-0-004','2024-08-15 13:11:25.865779','Mark Kevin',14),(640,'Isolate','Created isolate MCC-UPLB MNH-(NICER CAVES P4)-TQ-PCTQ-4-BAT-GUANO-0-006','2024-08-15 13:12:52.271341','Mark Kevin',14),(641,'Source','Created source MCC-UPLB MNH-NICER CAVES P4-RL-PC-0-WATER-0','2024-08-16 08:08:07.351437','Kyla',16);
/*!40000 ALTER TABLE `user_log` ENABLE KEYS */;
UNLOCK TABLES;
/*!40103 SET TIME_ZONE=@OLD_TIME_ZONE */;

/*!40101 SET SQL_MODE=@OLD_SQL_MODE */;
/*!40014 SET FOREIGN_KEY_CHECKS=@OLD_FOREIGN_KEY_CHECKS */;
/*!40014 SET UNIQUE_CHECKS=@OLD_UNIQUE_CHECKS */;
/*!40101 SET CHARACTER_SET_CLIENT=@OLD_CHARACTER_SET_CLIENT */;
/*!40101 SET CHARACTER_SET_RESULTS=@OLD_CHARACTER_SET_RESULTS */;
/*!40101 SET COLLATION_CONNECTION=@OLD_COLLATION_CONNECTION */;
/*!40111 SET SQL_NOTES=@OLD_SQL_NOTES */;

-- Dump completed on 2024-10-21 15:53:35
